"country","country_abbrev","continent","year","population","population_millions","gdp_per_capita","life_expectancy","development_status","country_length","economic_score","continent_avg_life_exp","relative_life_expectancy","population_rank_in_continent","is_rich","is_populous"
"Japan","JAP","Asian Region",1992,124329269,"124.33 mil.",26824.89511,79.36,"High Income",5,212882.36759296,68.6300227272727,1.15634523851707,4,TRUE,TRUE
"Hong Kong, China","HON","Asian Region",1992,5829696,"5.83 mil.",24757.60301,77.601,"High Income",16,192121.475117901,68.6300227272727,1.13071505612605,24,TRUE,FALSE
"Israel","ISR","Asian Region",1992,4936550,"4.94 mil.",18051.52254,76.93,"Middle Income",6,138870.36290022,68.6300227272727,1.1209379939405,25,FALSE,FALSE
"Singapore","SIN","Asian Region",1992,3235865,"3.24 mil.",24769.8912,75.788,"High Income",9,187726.05142656,68.6300227272727,1.10429804607777,27,TRUE,FALSE
"Kuwait","KUW","Asian Region",1992,1418095,"1.42 mil.",34932.91959,75.19,"High Income",6,262660.62239721,68.6300227272727,1.09558465831777,32,TRUE,FALSE
"Taiwan","TAI","Asian Region",1992,20686918,"20.69 mil.",15215.6579,74.26,"Middle Income",6,112991.4755654,68.6300227272727,1.0820337375539,14,FALSE,FALSE
"Bahrain","BAH","Asian Region",1992,529491,"0.53 mil.",19035.57917,72.601,"Middle Income",7,138200.208332117,68.6300227272727,1.05786064341706,33,FALSE,FALSE
"Korea, Rep.","KOR","Asian Region",1992,43805450,"43.81 mil.",12104.27872,72.244,"Middle Income",11,87446.151184768,68.6300227272727,1.05265883834964,11,FALSE,FALSE
"Oman","OMA","Asian Region",1992,1915208,"1.92 mil.",18616.70691,71.197,"Middle Income",4,132545.368187127,68.6300227272727,1.03740312432837,31,FALSE,FALSE
"Malaysia","MAL","Asian Region",1992,18319502,"18.32 mil.",7277.912802,70.693,"Middle Income",8,51449.7489711786,68.6300227272727,1.03005939952731,16,FALSE,FALSE
"Sri Lanka","SRI","Asian Region",1992,17587060,"17.59 mil.",2153.739222,70.379,"Low Income",9,15157.8012705138,68.6300227272727,1.02548414240918,18,FALSE,FALSE
"Korea, Dem. Rep.","KOR","Asian Region",1992,20711375,"20.71 mil.",3726.063507,69.978,"Low Income",16,26074.2472092846,68.6300227272727,1.01964121850992,13,FALSE,FALSE
"West Bank and Gaza","WES","Asian Region",1992,2104779,"2.1 mil.",6017.654756,69.718,"Middle Income",18,41953.8854278808,68.6300227272727,1.01585278904905,30,FALSE,FALSE
"Lebanon","LEB","Asian Region",1992,3219994,"3.22 mil.",6890.806854,69.292,"Middle Income",7,47747.7788527368,68.6300227272727,1.00964559308625,28,FALSE,FALSE
"Syria","SYR","Asian Region",1992,13219062,"13.22 mil.",3340.542768,69.249,"Low Income",5,23132.9246141232,68.6300227272727,1.00901904513695,22,FALSE,FALSE
"Saudi Arabia","SAU","Asian Region",1992,16945857,"16.95 mil.",24841.61777,68.768,"High Income",12,170830.837080736,68.6300227272727,1.00201045063435,19,TRUE,FALSE
"China","CHI","Asian Region",1992,1164970000,"1164.97 mil.",1655.784158,68.69,"Low Income",5,11373.581381302,68.6300227272727,1.00087392179609,1,FALSE,TRUE
"Jordan","JOR","Asian Region",1992,3867409,"3.87 mil.",3431.593647,68.015,"Low Income",6,23339.9841900705,68.6300227272727,0.991038576080373,26,FALSE,FALSE
"Vietnam","VIE","Asian Region",1992,69940728,"69.94 mil.",989.0231487,67.662,"Low Income",7,6691.92842873394,68.6300227272727,0.985895054543118,7,FALSE,FALSE
"Thailand","THA","Asian Region",1992,56667095,"56.67 mil.",4616.896545,67.298,"Low Income",8,31070.790368541,68.6300227272727,0.980591253297904,10,FALSE,FALSE
"Philippines","PHI","Asian Region",1992,67185766,"67.19 mil.",2279.324017,66.458,"Low Income",11,15147.9315521786,68.6300227272727,0.968351711962794,8,FALSE,FALSE
"Iran","IRA","Asian Region",1992,60397973,"60.4 mil.",7235.653188,65.742,"Middle Income",4,47568.6311885496,68.6300227272727,0.957918960062867,9,FALSE,FALSE
"Indonesia","IND","Asian Region",1992,184816000,"184.82 mil.",2383.140898,62.681,"Low Income",9,14937.7654627538,68.6300227272727,0.913317488602424,3,FALSE,TRUE
"Mongolia","MON","Asian Region",1992,2312802,"2.31 mil.",1785.402016,61.271,"Low Income",8,10939.3366922336,68.6300227272727,0.892772544218489,29,FALSE,FALSE
"Pakistan","PAK","Asian Region",1992,120065004,"120.07 mil.",1971.829464,60.838,"Low Income",8,11996.2160930832,68.6300227272727,0.886463352077891,5,FALSE,TRUE
"India","IND","Asian Region",1992,872000000,"872 mil.",1164.406809,60.223,"Low Income",5,7012.4071258407,68.6300227272727,0.877502259314685,2,FALSE,TRUE
"Iraq","IRA","Asian Region",1992,17861905,"17.86 mil.",3745.640687,59.461,"Low Income",4,22271.9540889707,68.6300227272727,0.866399246817835,17,FALSE,FALSE
"Myanmar","MYA","Asian Region",1992,40546538,"40.55 mil.",347,59.32,"Low Income",7,2058.404,68.6300227272727,0.864344752379442,12,FALSE,FALSE
"Bangladesh","BAN","Asian Region",1992,113704579,"113.7 mil.",837.8101643,56.018,"Low Income",10,4693.24497837574,68.6300227272727,0.816231698226425,6,FALSE,TRUE
"Cambodia","CAM","Asian Region",1992,10150094,"10.15 mil.",682.3031755,55.803,"Low Income",8,3807.45641024265,68.6300227272727,0.813098958479939,23,FALSE,FALSE
"Nepal","NEP","Asian Region",1992,20326209,"20.33 mil.",897.7403604,55.727,"Low Income",5,5002.83770640108,68.6300227272727,0.811991571406762,15,FALSE,FALSE
"Yemen, Rep.","YEM","Asian Region",1992,13367997,"13.37 mil.",1879.496673,55.599,"Low Income",11,10449.8135522127,68.6300227272727,0.810126498441412,21,FALSE,FALSE
"Afghanistan","AFG","Asian Region",1992,16317921,"16.32 mil.",649.3413952,41.674,"Low Income",11,2706.06533035648,68.6300227272727,0.607226959046879,20,FALSE,FALSE
"Japan","JAP","Asian Region",1997,125956499,"125.96 mil.",28816.58499,80.69,"High Income",5,232521.02428431,68.6300227272727,1.17572451229766,5,TRUE,TRUE
"Hong Kong, China","HON","Asian Region",1997,6495918,"6.5 mil.",28377.63219,80,"High Income",16,227021.05752,68.6300227272727,1.16567060334382,24,TRUE,FALSE
"Israel","ISR","Asian Region",1997,5531387,"5.53 mil.",20896.60924,78.269,"High Income",6,163555.670860556,68.6300227272727,1.14044840566397,25,TRUE,FALSE
"Singapore","SIN","Asian Region",1997,3802309,"3.8 mil.",33519.4766,77.158,"High Income",9,258629.57755028,68.6300227272727,1.12426015516003,27,TRUE,FALSE
"Kuwait","KUW","Asian Region",1997,1765345,"1.77 mil.",40300.61996,76.156,"High Income",6,306913.401367376,68.6300227272727,1.10966013085315,32,TRUE,FALSE
"Taiwan","TAI","Asian Region",1997,21628605,"21.63 mil.",20206.82098,75.25,"High Income",6,152056.3278745,68.6300227272727,1.09645891127028,15,TRUE,FALSE
"Korea, Rep.","KOR","Asian Region",1997,46173816,"46.17 mil.",15993.52796,74.647,"Middle Income",11,119386.888163012,68.6300227272727,1.08767266909758,11,FALSE,FALSE
"Bahrain","BAH","Asian Region",1997,598561,"0.6 mil.",20292.01679,73.925,"High Income",7,150008.734120075,68.6300227272727,1.0771524919024,33,TRUE,FALSE
"Oman","OMA","Asian Region",1997,2283635,"2.28 mil.",19702.05581,72.499,"Middle Income",4,142837.934416919,68.6300227272727,1.05637441339779,31,FALSE,FALSE
"Malaysia","MAL","Asian Region",1997,20476091,"20.48 mil.",10132.90964,71.938,"Middle Income",8,72894.125368232,68.6300227272727,1.04820014829185,19,FALSE,FALSE
"Syria","SYR","Asian Region",1997,15081016,"15.08 mil.",4014.238972,71.527,"Low Income",5,28712.6470950244,68.6300227272727,1.04221151556717,22,FALSE,FALSE
"West Bank and Gaza","WES","Asian Region",1997,2826046,"2.83 mil.",7110.667619,71.096,"Middle Income",18,50554.0025040424,68.6300227272727,1.03593146519165,29,FALSE,FALSE
"Vietnam","VIE","Asian Region",1997,76048996,"76.05 mil.",1385.896769,70.672,"Low Income",7,9794.4096458768,68.6300227272727,1.02975341099393,7,FALSE,FALSE
"Saudi Arabia","SAU","Asian Region",1997,21229759,"21.23 mil.",20586.69019,70.533,"High Income",12,145204.101917127,68.6300227272727,1.02772805832062,17,TRUE,FALSE
"Sri Lanka","SRI","Asian Region",1997,18698655,"18.7 mil.",2664.477257,70.457,"Low Income",9,18773.1074096449,68.6300227272727,1.02662067124744,20,FALSE,FALSE
"China","CHI","Asian Region",1997,1230075000,"1230.08 mil.",2289.234136,70.426,"Low Income",5,16122.1603261936,68.6300227272727,1.02616897388865,1,FALSE,TRUE
"Lebanon","LEB","Asian Region",1997,3430388,"3.43 mil.",8754.96385,70.265,"Middle Income",7,61516.753492025,68.6300227272727,1.02382306179942,28,FALSE,FALSE
"Jordan","JOR","Asian Region",1997,4526235,"4.53 mil.",3645.379572,69.772,"Low Income",6,25434.5423497584,68.6300227272727,1.01663961670631,26,FALSE,FALSE
"Philippines","PHI","Asian Region",1997,75012988,"75.01 mil.",2536.534925,68.564,"Low Income",11,17391.49805977,68.6300227272727,0.99903799059582,8,FALSE,FALSE
"Iran","IRA","Asian Region",1997,63327987,"63.33 mil.",8263.590301,68.042,"Middle Income",4,56227.1211260642,68.6300227272727,0.991431989909001,9,FALSE,FALSE
"Korea, Dem. Rep.","KOR","Asian Region",1997,21585105,"21.59 mil.",1690.756814,67.727,"Low Income",16,11450.9886741778,68.6300227272727,0.986842161908335,16,FALSE,FALSE
"Thailand","THA","Asian Region",1997,60216677,"60.22 mil.",5852.625497,67.521,"Middle Income",8,39517.5126182937,68.6300227272727,0.983840560104725,10,FALSE,FALSE
"Indonesia","IND","Asian Region",1997,199278000,"199.28 mil.",3119.335603,66.041,"Low Income",9,20600.4042557723,68.6300227272727,0.962275653942864,3,FALSE,TRUE
"Mongolia","MON","Asian Region",1997,2494803,"2.49 mil.",1902.2521,63.625,"Low Income",8,12103.07898625,68.6300227272727,0.927072401721881,30,FALSE,FALSE
"Pakistan","PAK","Asian Region",1997,135564834,"135.56 mil.",2049.350521,61.818,"Low Income",8,12668.6750507178,68.6300227272727,0.900742816968852,4,FALSE,TRUE
"India","IND","Asian Region",1997,959000000,"959 mil.",1458.817442,61.765,"Low Income",5,9010.385930513,68.6300227272727,0.899970560194137,2,FALSE,TRUE
"Myanmar","MYA","Asian Region",1997,43247867,"43.25 mil.",415,60.328,"Low Income",7,2503.612,68.6300227272727,0.879032201981574,12,FALSE,FALSE
"Nepal","NEP","Asian Region",1997,23001113,"23 mil.",1010.892138,59.426,"Low Income",5,6007.3276192788,68.6300227272727,0.865889265928872,13,FALSE,FALSE
"Bangladesh","BAN","Asian Region",1997,123315288,"123.32 mil.",972.7700352,59.412,"Low Income",10,5779.42133313024,68.6300227272727,0.865685273573287,6,FALSE,TRUE
"Iraq","IRA","Asian Region",1997,20775703,"20.78 mil.",3076.239795,58.811,"Low Income",4,18091.6738583745,68.6300227272727,0.856928173165667,18,FALSE,FALSE
"Yemen, Rep.","YEM","Asian Region",1997,15826497,"15.83 mil.",2117.484526,58.02,"Low Income",11,12285.645219852,68.6300227272727,0.845402605075105,21,FALSE,FALSE
"Cambodia","CAM","Asian Region",1997,11782962,"11.78 mil.",734.28517,56.534,"Low Income",8,4151.207780078,68.6300227272727,0.823750273617993,23,FALSE,FALSE
"Afghanistan","AFG","Asian Region",1997,22227415,"22.23 mil.",635.341351,41.763,"Low Income",11,2653.3760841813,68.6300227272727,0.608523767593099,14,FALSE,FALSE
"Japan","JAP","Asian Region",2002,127065841,"127.07 mil.",28604.5919,82,"High Income",5,234557.65358,68.6300227272727,1.19481236842741,6,TRUE,TRUE
"Hong Kong, China","HON","Asian Region",2002,6762476,"6.76 mil.",30209.01516,81.495,"High Income",16,246188.36904642,68.6300227272727,1.18745407274381,24,TRUE,FALSE
"Israel","ISR","Asian Region",2002,6029529,"6.03 mil.",21905.59514,79.696,"High Income",6,174578.831027744,68.6300227272727,1.16124105505111,25,TRUE,FALSE
"Singapore","SIN","Asian Region",2002,4197776,"4.2 mil.",36023.1054,78.77,"High Income",9,283754.0012358,68.6300227272727,1.14774841781741,27,TRUE,FALSE
"Korea, Rep.","KOR","Asian Region",2002,47969150,"47.97 mil.",19233.98818,77.045,"Middle Income",11,148188.26193281,68.6300227272727,1.12261364543281,11,FALSE,FALSE
"Taiwan","TAI","Asian Region",2002,22454239,"22.45 mil.",23235.42329,76.99,"High Income",6,178889.52390971,68.6300227272727,1.12181224689301,18,TRUE,FALSE
"Kuwait","KUW","Asian Region",2002,2111561,"2.11 mil.",35110.10566,76.904,"High Income",6,270010.756567664,68.6300227272727,1.12055915099441,32,TRUE,FALSE
"Bahrain","BAH","Asian Region",2002,656397,"0.66 mil.",23403.55927,74.795,"High Income",7,175046.921559965,68.6300227272727,1.08982915971376,33,TRUE,FALSE
"Oman","OMA","Asian Region",2002,2713462,"2.71 mil.",19774.83687,74.193,"Middle Income",4,146715.447189591,68.6300227272727,1.0810574884236,30,FALSE,FALSE
"Syria","SYR","Asian Region",2002,17155814,"17.16 mil.",4090.925331,73.053,"Low Income",5,29885.4368205543,68.6300227272727,1.06444668232595,22,FALSE,FALSE
"Malaysia","MAL","Asian Region",2002,22662365,"22.66 mil.",10206.97794,73.044,"Middle Income",8,74555.849664936,68.6300227272727,1.06431554438307,17,FALSE,FALSE
"Vietnam","VIE","Asian Region",2002,80908147,"80.91 mil.",1764.456677,73.017,"Low Income",7,12883.5333184509,68.6300227272727,1.06392213055445,8,FALSE,FALSE
"West Bank and Gaza","WES","Asian Region",2002,3389578,"3.39 mil.",4515.487575,72.37,"Low Income",18,32678.583580275,68.6300227272727,1.0544947695499,29,FALSE,FALSE
"China","CHI","Asian Region",2002,1280400000,"1280.4 mil.",3119.280896,72.028,"Low Income",5,22467.5564377088,68.6300227272727,1.04951152772061,1,FALSE,TRUE
"Saudi Arabia","SAU","Asian Region",2002,24501530,"24.5 mil.",19014.54118,71.626,"Middle Income",12,136193.552655868,68.6300227272727,1.0436540329388,15,FALSE,FALSE
"Jordan","JOR","Asian Region",2002,5307470,"5.31 mil.",3844.917194,71.263,"Low Income",6,27400.0333996022,68.6300227272727,1.03836480257613,26,FALSE,FALSE
"Lebanon","LEB","Asian Region",2002,3677780,"3.68 mil.",9313.93883,71.028,"Middle Income",7,66155.044721724,68.6300227272727,1.03494064517881,28,FALSE,FALSE
"Sri Lanka","SRI","Asian Region",2002,19576783,"19.58 mil.",3015.378833,70.815,"Low Income",9,21353.4052058895,68.6300227272727,1.03183704719741,20,FALSE,FALSE
"Philippines","PHI","Asian Region",2002,82995088,"83 mil.",2650.921068,70.303,"Low Income",11,18636.7703843604,68.6300227272727,1.02437675533601,7,FALSE,FALSE
"Iran","IRA","Asian Region",2002,66907826,"66.91 mil.",9240.761975,69.451,"Middle Income",4,64178.0159925725,68.6300227272727,1.01196236341039,9,FALSE,FALSE
"Indonesia","IND","Asian Region",2002,211060000,"211.06 mil.",2873.91287,68.588,"Low Income",9,19711.593592756,68.6300227272727,0.999387691776823,3,FALSE,TRUE
"Thailand","THA","Asian Region",2002,62806748,"62.81 mil.",5913.187529,68.564,"Middle Income",8,40543.1789738356,68.6300227272727,0.99903799059582,10,FALSE,FALSE
"Korea, Dem. Rep.","KOR","Asian Region",2002,22215365,"22.22 mil.",1646.758151,66.662,"Low Income",16,10977.6191861962,68.6300227272727,0.971324172001321,19,FALSE,FALSE
"Mongolia","MON","Asian Region",2002,2674234,"2.67 mil.",2140.739323,65.033,"Low Income",8,13921.8700392659,68.6300227272727,0.947588204340732,31,FALSE,FALSE
"Pakistan","PAK","Asian Region",2002,153403524,"153.4 mil.",2092.712441,63.61,"Low Income",8,13311.743837201,68.6300227272727,0.926853838483754,4,FALSE,TRUE
"India","IND","Asian Region",2002,1034172547,"1034.17 mil.",1746.769454,62.879,"Low Income",5,10983.5116498066,68.6300227272727,0.9162025233457,2,FALSE,TRUE
"Bangladesh","BAN","Asian Region",2002,135656790,"135.66 mil.",1136.39043,62.013,"Low Income",10,7047.097973559,68.6300227272727,0.903584139064503,5,FALSE,TRUE
"Nepal","NEP","Asian Region",2002,25873917,"25.87 mil.",1057.206311,61.34,"Low Income",5,6484.903511674,68.6300227272727,0.893777935113873,13,FALSE,FALSE
"Yemen, Rep.","YEM","Asian Region",2002,18701257,"18.7 mil.",2234.820827,60.308,"Low Income",11,13477.7574434716,68.6300227272727,0.878740784330738,21,FALSE,FALSE
"Myanmar","MYA","Asian Region",2002,45598081,"45.6 mil.",611,59.908,"Low Income",7,3660.3788,68.6300227272727,0.872912431314019,12,FALSE,FALSE
"Iraq","IRA","Asian Region",2002,24001816,"24 mil.",4390.717312,57.046,"Low Income",4,25047.2859780352,68.6300227272727,0.831210565479394,16,FALSE,FALSE
"Cambodia","CAM","Asian Region",2002,12926707,"12.93 mil.",896.2260153,56.752,"Low Income",8,5086.26188203056,68.6300227272727,0.826926726012105,23,FALSE,FALSE
"Afghanistan","AFG","Asian Region",2002,25268405,"25.27 mil.",726.7340548,42.129,"Low Income",11,3061.65789946692,68.6300227272727,0.613856710603397,14,FALSE,FALSE
"Japan","JAP","Asian Region",2007,127467972,"127.47 mil.",31656.06806,82.603,"High Income",5,261488.618996018,68.6300227272727,1.20359861060012,6,TRUE,TRUE
"Hong Kong, China","HON","Asian Region",2007,6980412,"6.98 mil.",39724.97867,82.208,"High Income",16,326571.104650336,68.6300227272727,1.19784311199611,24,TRUE,FALSE
"Israel","ISR","Asian Region",2007,6426679,"6.43 mil.",25523.2771,80.745,"High Income",6,206087.70094395,68.6300227272727,1.17652591083746,25,TRUE,FALSE
"Singapore","SIN","Asian Region",2007,4553009,"4.55 mil.",47143.17964,79.972,"High Income",9,377013.436217008,68.6300227272727,1.16526261863265,27,TRUE,FALSE
"Korea, Rep.","KOR","Asian Region",2007,49044790,"49.04 mil.",23348.13973,78.623,"High Income",11,183570.078999179,68.6300227272727,1.14560649808376,11,TRUE,FALSE
"Taiwan","TAI","Asian Region",2007,23174294,"23.17 mil.",28718.27684,78.4,"High Income",6,225151.2904256,68.6300227272727,1.14235719127694,19,TRUE,FALSE
"Kuwait","KUW","Asian Region",2007,2505559,"2.51 mil.",47306.98978,77.588,"High Income",6,367045.472305064,68.6300227272727,1.130525634653,32,TRUE,FALSE
"Oman","OMA","Asian Region",2007,3204897,"3.2 mil.",22316.19287,75.64,"High Income",4,168799.68286868,68.6300227272727,1.10214155546158,30,TRUE,FALSE
"Bahrain","BAH","Asian Region",2007,708573,"0.71 mil.",29796.04834,75.635,"High Income",7,225362.41161959,68.6300227272727,1.10206870104887,33,TRUE,FALSE
"Vietnam","VIE","Asian Region",2007,85262356,"85.26 mil.",2441.576404,74.249,"Low Income",7,18128.4606420596,68.6300227272727,1.08187345784594,8,FALSE,FALSE
"Malaysia","MAL","Asian Region",2007,24821286,"24.82 mil.",12451.6558,74.241,"Middle Income",8,92442.33782478,68.6300227272727,1.08175689078561,17,FALSE,FALSE
"Syria","SYR","Asian Region",2007,19314747,"19.31 mil.",4184.548089,74.143,"Low Income",5,31025.4948962727,68.6300227272727,1.08032894429651,22,FALSE,FALSE
"West Bank and Gaza","WES","Asian Region",2007,4018332,"4.02 mil.",3025.349798,73.422,"Low Income",18,22212.7232868756,68.6300227272727,1.06982333798387,28,FALSE,FALSE
"China","CHI","Asian Region",2007,1318683096,"1318.68 mil.",4959.114854,72.961,"Low Income",5,36182.1978862694,68.6300227272727,1.0631061611321,1,FALSE,TRUE
"Saudi Arabia","SAU","Asian Region",2007,27601038,"27.6 mil.",21654.83194,72.777,"High Income",12,157597.370409738,68.6300227272727,1.06042511874441,15,TRUE,FALSE
"Jordan","JOR","Asian Region",2007,6053193,"6.05 mil.",4519.461171,72.535,"Low Income",6,32781.9116038485,68.6300227272727,1.0568989651693,26,FALSE,FALSE
"Sri Lanka","SRI","Asian Region",2007,20378239,"20.38 mil.",3970.095407,72.396,"Low Income",9,28741.9027085172,68.6300227272727,1.05487361249599,21,FALSE,FALSE
"Lebanon","LEB","Asian Region",2007,3921278,"3.92 mil.",10461.05868,71.993,"Middle Income",7,75312.299754924,68.6300227272727,1.04900154683164,29,FALSE,FALSE
"Philippines","PHI","Asian Region",2007,91077287,"91.08 mil.",3190.481016,71.688,"Low Income",11,22871.9203075008,68.6300227272727,1.0445574276564,7,FALSE,FALSE
"Iran","IRA","Asian Region",2007,69453570,"69.45 mil.",11605.71449,70.964,"Middle Income",4,82358.792306836,68.6300227272727,1.03400810869613,9,FALSE,FALSE
"Indonesia","IND","Asian Region",2007,223547000,"223.55 mil.",3540.651564,70.65,"Low Income",9,25014.70329966,68.6300227272727,1.02943285157801,3,FALSE,TRUE
"Thailand","THA","Asian Region",2007,65068149,"65.07 mil.",7458.396327,70.616,"Middle Income",8,52668.2115027432,68.6300227272727,1.02893744157159,10,FALSE,FALSE
"Korea, Dem. Rep.","KOR","Asian Region",2007,23301725,"23.3 mil.",1593.06548,67.297,"Low Income",16,10720.852760756,68.6300227272727,0.980576682415362,18,FALSE,FALSE
"Mongolia","MON","Asian Region",2007,2874127,"2.87 mil.",3095.772271,66.803,"Low Income",8,20680.6875019613,68.6300227272727,0.973378666439714,31,FALSE,FALSE
"Pakistan","PAK","Asian Region",2007,169270617,"169.27 mil.",2605.94758,65.483,"Low Income",8,17064.526538114,68.6300227272727,0.954145101484541,4,FALSE,TRUE
"India","IND","Asian Region",2007,1110396331,"1110.4 mil.",2452.210407,64.698,"Low Income",5,15865.3108912086,68.6300227272727,0.94270695868923,2,FALSE,TRUE
"Bangladesh","BAN","Asian Region",2007,150448339,"150.45 mil.",1391.253792,64.062,"Low Income",10,8912.6500423104,68.6300227272727,0.933439877392646,5,FALSE,TRUE
"Nepal","NEP","Asian Region",2007,28901790,"28.9 mil.",1091.359778,63.785,"Low Income",5,6961.238343973,68.6300227272727,0.929403742928568,14,FALSE,FALSE
"Yemen, Rep.","YEM","Asian Region",2007,22211743,"22.21 mil.",2280.769906,62.698,"Low Income",11,14299.9711566388,68.6300227272727,0.913565193605634,20,FALSE,FALSE
"Myanmar","MYA","Asian Region",2007,47761980,"47.76 mil.",944,62.069,"Low Income",7,5859.3136,68.6300227272727,0.904400108486844,12,FALSE,FALSE
"Cambodia","CAM","Asian Region",2007,14131858,"14.13 mil.",1713.778686,59.723,"Low Income",8,10235.2004463978,68.6300227272727,0.870216818043786,23,FALSE,FALSE
"Iraq","IRA","Asian Region",2007,27499638,"27.5 mil.",4471.061906,59.545,"Low Income",4,26622.938119277,68.6300227272727,0.867623200951346,16,FALSE,FALSE
"Afghanistan","AFG","Asian Region",2007,31889923,"31.89 mil.",974.5803384,43.828,"Low Income",11,4271.39070713952,68.6300227272727,0.638612640041911,13,FALSE,FALSE
"Iceland","ICE","European Region",1992,259012,"0.26 mil.",25144.39201,78.77,"High Income",7,198062.37586277,76.0736166666667,1.03544439519877,30,TRUE,FALSE
"Sweden","SWE","European Region",1992,8718867,"8.72 mil.",23880.01683,78.16,"High Income",6,186646.21154328,76.0736166666667,1.02742584649913,16,TRUE,FALSE
"Switzerland","SWI","European Region",1992,6995447,"7 mil.",31871.5303,78.03,"High Income",11,248693.5509309,76.0736166666667,1.02571697546477,19,TRUE,FALSE
"Spain","SPA","European Region",1992,39549438,"39.55 mil.",18603.06452,77.57,"Middle Income",5,144303.97148164,76.0736166666667,1.01967020103553,6,FALSE,FALSE
"France","FRA","European Region",1992,57374179,"57.37 mil.",24703.79615,77.46,"High Income",6,191355.6049779,76.0736166666667,1.01822423323723,4,TRUE,FALSE
"Italy","ITA","European Region",1992,56840847,"56.84 mil.",22013.64486,77.44,"High Income",5,170473.66579584,76.0736166666667,1.01796133000118,5,TRUE,FALSE
"Netherlands","NET","European Region",1992,15174244,"15.17 mil.",26790.94961,77.42,"High Income",11,207415.53188062,76.0736166666667,1.01769842676513,9,TRUE,FALSE
"Norway","NOR","European Region",1992,4286357,"4.29 mil.",33965.66115,77.32,"High Income",6,262622.4920118,76.0736166666667,1.01638391058486,24,TRUE,FALSE
"Greece","GRE","European Region",1992,10325429,"10.33 mil.",17541.49634,77.03,"Middle Income",6,135122.14630702,76.0736166666667,1.01257181366207,11,FALSE,FALSE
"Belgium","BEL","European Region",1992,10045622,"10.05 mil.",25575.57069,76.46,"High Income",7,195550.81349574,76.0736166666667,1.00507907143453,13,TRUE,FALSE
"United Kingdom","UNI","European Region",1992,57866349,"57.87 mil.",22705.09254,76.42,"High Income",14,173512.31719068,76.0736166666667,1.00455326496243,3,TRUE,FALSE
"Germany","GER","European Region",1992,80597764,"80.6 mil.",26505.30317,76.07,"High Income",7,201625.84121419,76.0736166666667,0.99995245833148,1,TRUE,FALSE
"Austria","AUS","European Region",1992,7914969,"7.91 mil.",27042.01868,76.04,"High Income",7,205627.51004272,76.0736166666667,0.999558103477399,18,TRUE,FALSE
"Finland","FIN","European Region",1992,5041039,"5.04 mil.",20647.16499,75.7,"High Income",7,156299.0389743,76.0736166666667,0.995088748464481,22,TRUE,FALSE
"Ireland","IRE","European Region",1992,3557761,"3.56 mil.",17558.81555,75.467,"Middle Income",7,132511.113311185,76.0736166666667,0.992025925764451,26,FALSE,FALSE
"Montenegro","MON","European Region",1992,621621,"0.62 mil.",7003.339037,75.435,"Middle Income",10,52829.6880256095,76.0736166666667,0.991605280586765,29,FALSE,FALSE
"Denmark","DEN","European Region",1992,5171393,"5.17 mil.",26406.73985,75.33,"High Income",7,198921.97129005,76.0736166666667,0.990225038597481,21,TRUE,FALSE
"Portugal","POR","European Region",1992,9927680,"9.93 mil.",16207.26663,74.86,"Middle Income",8,121327.59799218,76.0736166666667,0.984046812550212,14,FALSE,FALSE
"Slovenia","SLO","European Region",1992,1999210,"2 mil.",14214.71681,73.64,"Middle Income",8,104677.17458884,76.0736166666667,0.968009715150916,28,FALSE,FALSE
"Croatia","CRO","European Region",1992,4494013,"4.49 mil.",8447.794873,72.527,"Middle Income",7,61269.3218754071,76.0736166666667,0.95337915006451,23,FALSE,FALSE
"Czech Republic","CZE","European Region",1992,10315702,"10.32 mil.",14297.02122,72.4,"Middle Income",14,103510.4336328,76.0736166666667,0.951709714515567,12,FALSE,FALSE
"Bosnia and Herzegovina","BOS","European Region",1992,4256013,"4.26 mil.",2546.781445,72.178,"Low Income",22,18382.159113721,76.0736166666667,0.948791488595367,25,FALSE,FALSE
"Serbia","SER","European Region",1992,9826397,"9.83 mil.",9325.068238,71.659,"Middle Income",6,66822.5064866842,76.0736166666667,0.941969149619765,15,FALSE,FALSE
"Albania","ALB","European Region",1992,3326498,"3.33 mil.",2497.437901,71.581,"Low Income",7,17876.9102391481,76.0736166666667,0.940943826999155,27,FALSE,FALSE
"Slovak Republic","SLO","European Region",1992,5302888,"5.3 mil.",9498.467723,71.38,"Middle Income",15,67800.062606774,76.0736166666667,0.938301649476812,20,FALSE,FALSE
"Bulgaria","BUL","European Region",1992,8658506,"8.66 mil.",6302.623438,71.19,"Middle Income",8,44868.376255122,76.0736166666667,0.935804068734298,17,FALSE,FALSE
"Poland","POL","European Region",1992,38370697,"38.37 mil.",7738.881247,70.99,"Middle Income",6,54938.317972453,76.0736166666667,0.933175036373758,7,FALSE,FALSE
"Romania","ROM","European Region",1992,22797027,"22.8 mil.",6598.409903,69.36,"Middle Income",7,45766.571087208,76.0736166666667,0.911748422635355,8,FALSE,FALSE
"Hungary","HUN","European Region",1992,10348684,"10.35 mil.",10535.62855,69.17,"Middle Income",7,72874.94268035,76.0736166666667,0.909250841892842,10,FALSE,FALSE
"Turkey","TUR","European Region",1992,58179144,"58.18 mil.",5678.348271,66.146,"Middle Income",6,37560.0024733566,76.0736166666667,0.869499872601474,2,FALSE,FALSE
"Sweden","SWE","European Region",1997,8897619,"8.9 mil.",25266.59499,79.39,"High Income",6,200591.49762561,76.0736166666667,1.04359439551645,16,TRUE,FALSE
"Switzerland","SWI","European Region",1997,7193761,"7.19 mil.",32135.32301,79.37,"High Income",11,255058.05873037,76.0736166666667,1.04333149228039,19,TRUE,FALSE
"Iceland","ICE","European Region",1997,271192,"0.27 mil.",28061.09966,78.95,"High Income",7,221542.3818157,76.0736166666667,1.03781052432326,30,TRUE,FALSE
"Italy","ITA","European Region",1997,57479469,"57.48 mil.",24675.02446,78.82,"High Income",5,194488.54279372,76.0736166666667,1.03610165328891,5,TRUE,FALSE
"Spain","SPA","European Region",1997,39855442,"39.86 mil.",20445.29896,78.77,"High Income",5,161047.61990792,76.0736166666667,1.03544439519877,6,TRUE,FALSE
"France","FRA","European Region",1997,58623428,"58.62 mil.",25889.78487,78.64,"High Income",6,203597.26821768,76.0736166666667,1.03373552416442,4,TRUE,FALSE
"Norway","NOR","European Region",1997,4405672,"4.41 mil.",41283.16433,78.32,"High Income",6,323329.74303256,76.0736166666667,1.02952907238756,24,TRUE,FALSE
"Netherlands","NET","European Region",1997,15604464,"15.6 mil.",30246.13063,78.03,"High Income",11,236010.55730589,76.0736166666667,1.02571697546477,9,TRUE,FALSE
"Greece","GRE","European Region",1997,10502372,"10.5 mil.",18747.69814,77.869,"Middle Income",6,145986.450646366,76.0736166666667,1.02360060441454,10,FALSE,FALSE
"Belgium","BEL","European Region",1997,10199787,"10.2 mil.",27561.19663,77.53,"High Income",7,213681.95747239,76.0736166666667,1.01914439456342,14,TRUE,FALSE
"Austria","AUS","European Region",1997,8069876,"8.07 mil.",29095.92066,77.51,"High Income",7,225522.48103566,76.0736166666667,1.01888149132737,17,TRUE,FALSE
"Germany","GER","European Region",1997,82011073,"82.01 mil.",27788.88416,77.34,"High Income",7,214919.23009344,76.0736166666667,1.01664681382091,1,TRUE,FALSE
"United Kingdom","UNI","European Region",1997,58808266,"58.81 mil.",26074.53136,77.218,"High Income",14,201342.316255648,76.0736166666667,1.01504310408098,3,TRUE,FALSE
"Finland","FIN","European Region",1997,5134406,"5.13 mil.",23723.9502,77.13,"High Income",7,182982.8278926,76.0736166666667,1.01388632984234,22,TRUE,FALSE
"Ireland","IRE","European Region",1997,3667233,"3.67 mil.",24521.94713,76.122,"High Income",7,186665.965942986,76.0736166666667,1.00063600674522,25,TRUE,FALSE
"Denmark","DEN","European Region",1997,5283663,"5.28 mil.",29804.34567,76.11,"High Income",7,226840.87489437,76.0736166666667,1.00047826480359,21,TRUE,FALSE
"Portugal","POR","European Region",1997,10156415,"10.16 mil.",17641.03156,75.97,"Middle Income",8,134018.91676132,76.0736166666667,0.99863794215121,15,FALSE,FALSE
"Montenegro","MON","European Region",1997,692651,"0.69 mil.",6465.613349,75.445,"Middle Income",10,48779.8199115305,76.0736166666667,0.991736732204792,29,FALSE,FALSE
"Slovenia","SLO","European Region",1997,2011612,"2.01 mil.",17161.10735,75.13,"Middle Income",8,128931.39952055,76.0736166666667,0.987596006236941,28,FALSE,FALSE
"Czech Republic","CZE","European Region",1997,10300707,"10.3 mil.",16048.51424,74.01,"Middle Income",14,118775.05389024,76.0736166666667,0.972873425017916,12,FALSE,FALSE
"Croatia","CRO","European Region",1997,4444595,"4.44 mil.",9875.604515,73.68,"Middle Income",7,72763.45406652,76.0736166666667,0.968535521623024,23,FALSE,FALSE
"Bosnia and Herzegovina","BOS","European Region",1997,3607000,"3.61 mil.",4766.355904,73.244,"Low Income",22,34910.6971832576,76.0736166666667,0.962804231077047,26,FALSE,FALSE
"Albania","ALB","European Region",1997,3428038,"3.43 mil.",3193.054604,72.95,"Low Income",7,23293.33333618,76.0736166666667,0.958939553507053,27,FALSE,FALSE
"Poland","POL","European Region",1997,38654957,"38.65 mil.",10159.58368,72.75,"Middle Income",6,73910.971272,76.0736166666667,0.956310521146512,7,FALSE,FALSE
"Slovak Republic","SLO","European Region",1997,5383010,"5.38 mil.",12126.23065,72.71,"Middle Income",15,88169.82305615,76.0736166666667,0.955784714674404,20,FALSE,FALSE
"Serbia","SER","European Region",1997,10336594,"10.34 mil.",7914.320304,72.232,"Middle Income",6,57166.7184198528,76.0736166666667,0.949501327332713,11,FALSE,FALSE
"Hungary","HUN","European Region",1997,10244684,"10.24 mil.",11712.7768,71.04,"Middle Income",7,83207.5663872,76.0736166666667,0.933832294463893,13,FALSE,FALSE
"Bulgaria","BUL","European Region",1997,8066057,"8.07 mil.",5970.38876,70.32,"Middle Income",8,41983.77376032,76.0736166666667,0.924367777965948,18,FALSE,FALSE
"Romania","ROM","European Region",1997,22562458,"22.56 mil.",7346.547557,69.72,"Middle Income",7,51220.129567404,76.0736166666667,0.916480680884328,8,FALSE,FALSE
"Turkey","TUR","European Region",1997,63047647,"63.05 mil.",6601.429915,68.835,"Middle Income",6,45440.9428199025,76.0736166666667,0.904847212688937,2,FALSE,FALSE
"Switzerland","SWI","European Region",2002,7361757,"7.36 mil.",34480.95771,80.62,"High Income",11,277985.48105802,76.0736166666667,1.05976294453377,19,TRUE,FALSE
"Iceland","ICE","European Region",2002,288030,"0.29 mil.",31163.20196,80.5,"High Income",7,250863.775778,76.0736166666667,1.05818552511745,30,TRUE,FALSE
"Italy","ITA","European Region",2002,57926999,"57.93 mil.",27968.09817,80.24,"High Income",5,224416.01971608,76.0736166666667,1.05476778304874,5,TRUE,FALSE
"Sweden","SWE","European Region",2002,8954175,"8.95 mil.",29341.63093,80.04,"High Income",6,234850.41396372,76.0736166666667,1.0521387506882,16,TRUE,FALSE
"Spain","SPA","European Region",2002,40152517,"40.15 mil.",24835.47166,79.78,"High Income",5,198137.39290348,76.0736166666667,1.0487210086195,6,TRUE,FALSE
"France","FRA","European Region",2002,59925035,"59.93 mil.",28926.03234,79.59,"High Income",6,230222.29139406,76.0736166666667,1.04622342787699,3,TRUE,FALSE
"Norway","NOR","European Region",2002,4535591,"4.54 mil.",44683.97525,79.05,"High Income",6,353226.82435125,76.0736166666667,1.03912504050353,23,TRUE,FALSE
"Austria","AUS","European Region",2002,8148312,"8.15 mil.",32417.60769,78.98,"High Income",7,256034.26553562,76.0736166666667,1.03820487917734,17,TRUE,FALSE
"Germany","GER","European Region",2002,82350671,"82.35 mil.",30035.80198,78.67,"High Income",7,236291.65417666,76.0736166666667,1.0341298790185,1,TRUE,FALSE
"Netherlands","NET","European Region",2002,16122830,"16.12 mil.",33724.75778,78.53,"High Income",11,264840.52284634,76.0736166666667,1.03228955636613,9,TRUE,FALSE
"United Kingdom","UNI","European Region",2002,59912431,"59.91 mil.",29478.99919,78.471,"High Income",14,231324.654543849,76.0736166666667,1.03151399181977,4,TRUE,FALSE
"Finland","FIN","European Region",2002,5193039,"5.19 mil.",28204.59057,78.37,"High Income",7,221039.37629709,76.0736166666667,1.03018633047769,22,TRUE,FALSE
"Belgium","BEL","European Region",2002,10311970,"10.31 mil.",30485.88375,78.32,"High Income",7,238765.44153,76.0736166666667,1.02952907238756,12,TRUE,FALSE
"Greece","GRE","European Region",2002,10603863,"10.6 mil.",22514.2548,78.256,"High Income",6,176187.55236288,76.0736166666667,1.02868778203219,10,TRUE,FALSE
"Ireland","IRE","European Region",2002,3879155,"3.88 mil.",34077.04939,77.783,"High Income",7,265061.513270237,76.0736166666667,1.02247012049951,26,TRUE,FALSE
"Portugal","POR","European Region",2002,10433867,"10.43 mil.",19970.90787,77.29,"Middle Income",8,154355.14692723,76.0736166666667,1.01598955573078,11,FALSE,FALSE
"Denmark","DEN","European Region",2002,5374693,"5.37 mil.",32166.50006,77.18,"High Income",7,248261.04746308,76.0736166666667,1.01454358793248,21,TRUE,FALSE
"Slovenia","SLO","European Region",2002,2011497,"2.01 mil.",20660.01936,76.66,"High Income",8,158379.70841376,76.0736166666667,1.00770810379507,28,TRUE,FALSE
"Albania","ALB","European Region",2002,3508512,"3.51 mil.",4604.211737,75.651,"Low Income",7,34831.3222115787,76.0736166666667,0.994444635536148,27,FALSE,FALSE
"Czech Republic","CZE","European Region",2002,10256295,"10.26 mil.",17596.21022,75.51,"Middle Income",14,132868.98337122,76.0736166666667,0.992591167721968,13,FALSE,FALSE
"Croatia","CRO","European Region",2002,4481020,"4.48 mil.",11628.38895,74.876,"Middle Income",7,87068.72510202,76.0736166666667,0.984257135139055,24,FALSE,FALSE
"Poland","POL","European Region",2002,38625976,"38.63 mil.",12002.23908,74.67,"Middle Income",6,89620.71921036,76.0736166666667,0.981549231807699,7,FALSE,FALSE
"Bosnia and Herzegovina","BOS","European Region",2002,4165416,"4.17 mil.",6018.975239,74.09,"Middle Income",22,44594.587545751,76.0736166666667,0.973925037962132,25,FALSE,FALSE
"Montenegro","MON","European Region",2002,720230,"0.72 mil.",6557.194282,73.981,"Middle Income",10,48510.7790176642,76.0736166666667,0.972492215325637,29,FALSE,FALSE
"Slovak Republic","SLO","European Region",2002,5410052,"5.41 mil.",13638.77837,73.8,"Middle Income",15,100654.1843706,76.0736166666667,0.970112941039349,20,FALSE,FALSE
"Serbia","SER","European Region",2002,10111559,"10.11 mil.",7236.075251,73.213,"Middle Income",6,52977.4777351463,76.0736166666667,0.962396731061163,14,FALSE,FALSE
"Hungary","HUN","European Region",2002,10083313,"10.08 mil.",14843.93556,72.59,"Middle Income",7,107752.12823004,76.0736166666667,0.95420729525808,15,FALSE,FALSE
"Bulgaria","BUL","European Region",2002,7661799,"7.66 mil.",7696.777725,72.14,"Middle Income",8,55524.55450815,76.0736166666667,0.948291972446865,18,FALSE,FALSE
"Romania","ROM","European Region",2002,22404337,"22.4 mil.",7885.360081,71.322,"Middle Income",7,56239.9651697082,76.0736166666667,0.937539230092255,8,FALSE,FALSE
"Turkey","TUR","European Region",2002,67308928,"67.31 mil.",6508.085718,70.845,"Middle Income",6,46106.533269171,76.0736166666667,0.931268987912366,2,FALSE,FALSE
"Iceland","ICE","European Region",2007,301931,"0.3 mil.",36180.78919,81.757,"High Income",7,295803.278180683,76.0736166666667,1.07470899350344,30,TRUE,FALSE
"Switzerland","SWI","European Region",2007,7554661,"7.55 mil.",37506.41907,81.701,"High Income",11,306431.194443807,76.0736166666667,1.07397286444249,18,TRUE,FALSE
"Spain","SPA","European Region",2007,40448191,"40.45 mil.",28821.0637,80.941,"High Income",5,233280.57169417,76.0736166666667,1.06398254147244,6,TRUE,FALSE
"Sweden","SWE","European Region",2007,9031088,"9.03 mil.",33859.74835,80.884,"High Income",6,273871.18855414,76.0736166666667,1.06323326724968,16,TRUE,FALSE
"France","FRA","European Region",2007,61083916,"61.08 mil.",30470.0167,80.657,"High Income",6,245762.01369719,76.0736166666667,1.06024931552047,3,TRUE,FALSE
"Italy","ITA","European Region",2007,58147733,"58.15 mil.",28569.7197,80.546,"High Income",5,230117.66429562,76.0736166666667,1.05879020256037,5,TRUE,FALSE
"Norway","NOR","European Region",2007,4627926,"4.63 mil.",49357.19017,80.196,"High Income",6,395824.922287332,76.0736166666667,1.05418939592943,23,TRUE,FALSE
"Austria","AUS","European Region",2007,8199783,"8.2 mil.",36126.4927,79.829,"High Income",7,288394.17857483,76.0736166666667,1.04936512154783,17,TRUE,FALSE
"Netherlands","NET","European Region",2007,16570613,"16.57 mil.",36797.93332,79.762,"High Income",11,293507.675746984,76.0736166666667,1.04848439570705,9,TRUE,FALSE
"Greece","GRE","European Region",2007,10706290,"10.71 mil.",27538.41188,79.483,"High Income",6,218883.559145804,76.0736166666667,1.0448168955641,10,TRUE,FALSE
"Belgium","BEL","European Region",2007,10392226,"10.39 mil.",33692.60508,79.441,"High Income",7,267657.424016028,76.0736166666667,1.04426479876839,12,TRUE,FALSE
"United Kingdom","UNI","European Region",2007,60776238,"60.78 mil.",33203.26128,79.425,"High Income",14,263716.9027164,76.0736166666667,1.04405447617954,4,TRUE,FALSE
"Germany","GER","European Region",2007,82400996,"82.4 mil.",32170.37442,79.406,"High Income",7,255452.075119452,76.0736166666667,1.04380471810529,1,TRUE,FALSE
"Finland","FIN","European Region",2007,5238460,"5.24 mil.",33207.0844,79.313,"High Income",7,263375.34850172,76.0736166666667,1.04258221805764,22,TRUE,FALSE
"Ireland","IRE","European Region",2007,4109086,"4.11 mil.",40675.99635,78.885,"High Income",7,320872.597206975,76.0736166666667,1.03695608880608,26,TRUE,FALSE
"Denmark","DEN","European Region",2007,5468120,"5.47 mil.",35278.41874,78.332,"High Income",7,276342.909674168,76.0736166666667,1.02968681432919,20,TRUE,FALSE
"Portugal","POR","European Region",2007,10642836,"10.64 mil.",20509.64777,78.098,"High Income",8,160176.247154146,76.0736166666667,1.02661084646736,11,TRUE,FALSE
"Slovenia","SLO","European Region",2007,2009245,"2.01 mil.",25768.25759,77.926,"High Income",8,200801.724095834,76.0736166666667,1.02434987863729,28,TRUE,FALSE
"Czech Republic","CZE","European Region",2007,10228744,"10.23 mil.",22833.30851,76.486,"High Income",14,174642.843469586,76.0736166666667,1.0054208456414,13,TRUE,FALSE
"Albania","ALB","European Region",2007,3600523,"3.6 mil.",5937.029526,76.423,"Middle Income",7,45372.5607465498,76.0736166666667,1.00459270044783,27,FALSE,FALSE
"Croatia","CRO","European Region",2007,4493312,"4.49 mil.",14619.22272,75.748,"Middle Income",7,110737.688259456,76.0736166666667,0.995719716231011,25,FALSE,FALSE
"Poland","POL","European Region",2007,38518241,"38.52 mil.",15389.92468,75.563,"Middle Income",6,116290.887859484,76.0736166666667,0.993287861297511,7,FALSE,FALSE
"Bosnia and Herzegovina","BOS","European Region",2007,4552198,"4.55 mil.",7446.298803,74.852,"Middle Income",22,55737.0358002156,76.0736166666667,0.98394165125579,24,FALSE,FALSE
"Slovak Republic","SLO","European Region",2007,5447502,"5.45 mil.",18678.31435,74.663,"Middle Income",15,139457.898431405,76.0736166666667,0.98145721567508,21,FALSE,FALSE
"Montenegro","MON","European Region",2007,684736,"0.68 mil.",9253.896111,74.543,"Middle Income",10,68981.3177802273,76.0736166666667,0.979879796258756,29,FALSE,FALSE
"Serbia","SER","European Region",2007,10150265,"10.15 mil.",9786.534714,74.002,"Middle Income",6,72422.3141905428,76.0736166666667,0.972768263723494,14,FALSE,FALSE
"Hungary","HUN","European Region",2007,9956108,"9.96 mil.",18008.94444,73.338,"Middle Income",7,132073.996734072,76.0736166666667,0.9640398762865,15,FALSE,FALSE
"Bulgaria","BUL","European Region",2007,7322858,"7.32 mil.",10680.79282,73.005,"Middle Income",8,77975.12798241,76.0736166666667,0.959662537406201,19,FALSE,FALSE
"Romania","ROM","European Region",2007,22276056,"22.28 mil.",10808.47561,72.476,"Middle Income",7,78335.507831036,76.0736166666667,0.952708746812572,8,FALSE,FALSE
"Turkey","TUR","European Region",2007,71158647,"71.16 mil.",8458.276384,71.777,"Middle Income",6,60710.9704014368,76.0736166666667,0.943520278712484,2,FALSE,FALSE
"Reunion","REU","African Region",1992,622191,"0.62 mil.",6101.255823,73.615,"Middle Income",7,44914.3947410145,53.8397788461538,1.36729759255426,48,FALSE,FALSE
"Tunisia","TUN","African Region",1992,8523077,"8.52 mil.",4332.720164,70.001,"Low Income",7,30329.4744200164,53.8397788461538,1.30017250256593,21,FALSE,FALSE
"Mauritius","MAU","African Region",1992,1096202,"1.1 mil.",6058.253846,69.745,"Middle Income",9,42253.291448927,53.8397788461538,1.29541765391153,43,FALSE,FALSE
"Libya","LIB","African Region",1992,4364501,"4.36 mil.",9640.138501,68.755,"Middle Income",5,66280.7722636255,53.8397788461538,1.27702976263083,32,FALSE,FALSE
"Algeria","ALG","African Region",1992,26298373,"26.3 mil.",5023.216647,67.744,"Middle Income",7,34029.2788534368,53.8397788461538,1.25825182517144,8,FALSE,FALSE
"Morocco","MOR","African Region",1992,25798239,"25.8 mil.",2948.047252,65.393,"Low Income",7,19278.1653950036,53.8397788461538,1.21458522678667,9,FALSE,FALSE
"Egypt","EGY","African Region",1992,59402198,"59.4 mil.",3794.755195,63.674,"Low Income",5,24162.724228643,53.8397788461538,1.18265716101746,2,FALSE,FALSE
"Botswana","BOT","African Region",1992,1342614,"1.34 mil.",7954.111645,62.745,"Middle Income",8,49908.0735165525,53.8397788461538,1.16540226101769,42,FALSE,FALSE
"Sao Tome and Principe","SAO","African Region",1992,125911,"0.13 mil.",1428.777814,62.742,"Low Income",21,8964.4377605988,53.8397788461538,1.16534654013502,52,FALSE,FALSE
"Namibia","NAM","African Region",1992,1554253,"1.55 mil.",3804.537999,61.999,"Low Income",7,23587.7551400001,53.8397788461538,1.15154633486072,41,FALSE,FALSE
"South Africa","SOU","African Region",1992,39964159,"39.96 mil.",7225.069258,61.888,"Middle Income",12,44714.5086239104,53.8397788461538,1.14948466220197,5,FALSE,FALSE
"Gabon","GAB","African Region",1992,985739,"0.99 mil.",13522.15752,61.366,"Middle Income",5,82980.071837232,53.8397788461538,1.1397892286176,46,FALSE,FALSE
"Zimbabwe","ZIM","African Region",1992,10704340,"10.7 mil.",693.4207856,60.377,"Low Income",8,4186.66667721712,53.8397788461538,1.12141991096446,17,FALSE,FALSE
"Lesotho","LES","African Region",1992,1803195,"1.8 mil.",977.4862725,59.685,"Low Income",7,5834.12681741625,53.8397788461538,1.10856696069553,40,FALSE,FALSE
"Kenya","KEN","African Region",1992,25020539,"25.02 mil.",1341.921721,59.285,"Low Income",5,7955.5829229485,53.8397788461538,1.10113750967302,10,FALSE,FALSE
"Swaziland","SWA","African Region",1992,962344,"0.96 mil.",3553.0224,58.474,"Low Income",9,20775.94318176,53.8397788461538,1.08607429772489,47,FALSE,FALSE
"Mauritania","MAU","African Region",1992,2119465,"2.12 mil.",1361.369784,58.333,"Low Income",10,7941.2783610072,53.8397788461538,1.08345541623946,38,FALSE,FALSE
"Senegal","SEN","African Region",1992,8307920,"8.31 mil.",1367.899369,58.196,"Low Income",7,7960.6271678324,53.8397788461538,1.08091082926425,25,FALSE,FALSE
"Togo","TOG","African Region",1992,3747553,"3.75 mil.",1034.298904,58.061,"Low Income",4,6005.2428665144,53.8397788461538,1.07840338954415,34,FALSE,FALSE
"Comoros","COM","African Region",1992,454429,"0.45 mil.",1246.90737,57.939,"Low Income",7,7224.456611043,53.8397788461538,1.07613740698229,49,FALSE,FALSE
"Ghana","GHA","African Region",1992,16278738,"16.28 mil.",925.060154,57.501,"Low Income",5,5319.1883915154,53.8397788461538,1.06800215811265,12,FALSE,FALSE
"Congo, Rep.","CON","African Region",1992,2409073,"2.41 mil.",4016.239529,56.433,"Low Income",11,22664.8445340057,53.8397788461538,1.04816552388256,37,FALSE,FALSE
"Cameroon","CAM","African Region",1992,12467171,"12.47 mil.",1793.163278,54.314,"Low Income",8,9739.3870281292,53.8397788461538,1.00880800709084,15,FALSE,FALSE
"Benin","BEN","African Region",1992,4981671,"4.98 mil.",1191.207681,53.919,"Low Income",5,6422.8726951839,53.8397788461538,1.00147142420612,31,FALSE,FALSE
"Sudan","SUD","African Region",1992,28227588,"28.23 mil.",1492.197043,53.556,"Low Income",5,7991.6104834908,53.8397788461538,0.994729197403192,6,FALSE,FALSE
"Gambia","GAM","African Region",1992,1025384,"1.03 mil.",665.6244126,52.644,"Low Income",6,3504.11315769144,53.8397788461538,0.977790049071881,45,FALSE,FALSE
"Madagascar","MAD","African Region",1992,12210395,"12.21 mil.",1040.67619,52.214,"Low Income",10,5433.786658466,53.8397788461538,0.969803389222688,16,FALSE,FALSE
"Cote d'Ivoire","COT","African Region",1992,12772596,"12.77 mil.",1648.073791,52.044,"Low Income",13,8577.2352378804,53.8397788461538,0.966645872538124,14,FALSE,FALSE
"Chad","CHA","African Region",1992,6429417,"6.43 mil.",1058.0643,51.724,"Low Income",4,5472.73178532,53.8397788461538,0.96070231172012,28,FALSE,FALSE
"Djibouti","DJI","African Region",1992,384156,"0.38 mil.",2377.156192,51.604,"Low Income",8,12267.0768131968,53.8397788461538,0.958473476413368,51,FALSE,FALSE
"Tanzania","TAN","African Region",1992,26605473,"26.61 mil.",825.682454,50.44,"Low Income",8,4164.742297976,53.8397788461538,0.936853773937879,7,FALSE,FALSE
"Burkina Faso","BUR","African Region",1992,8878303,"8.88 mil.",931.7527731,50.26,"Low Income",12,4682.9894376006,53.8397788461538,0.933510520977751,19,FALSE,FALSE
"Eritrea","ERI","African Region",1992,3668440,"3.67 mil.",582.8585102,49.991,"Low Income",7,2913.76797834082,53.8397788461538,0.928514215165117,35,FALSE,FALSE
"Malawi","MAL","African Region",1992,10014249,"10.01 mil.",563.2000145,49.42,"Low Income",6,2783.334471659,53.8397788461538,0.917908673830491,18,FALSE,FALSE
"Central African Republic","CEN","African Region",1992,3265124,"3.27 mil.",747.9055252,49.396,"Low Income",24,3694.35413227792,53.8397788461538,0.917462906769141,36,FALSE,FALSE
"Uganda","UGA","African Region",1992,18252190,"18.25 mil.",644.1707969,48.825,"Low Income",6,3145.16391586425,53.8397788461538,0.906857365434515,11,FALSE,FALSE
"Guinea","GUI","African Region",1992,6990574,"6.99 mil.",794.3484384,48.576,"Low Income",6,3858.62697437184,53.8397788461538,0.902232532173005,27,FALSE,FALSE
"Mali","MAL","African Region",1992,8416215,"8.42 mil.",739.014375,48.388,"Low Income",4,3575.94275775,53.8397788461538,0.898740690192428,22,FALSE,FALSE
"Ethiopia","ETH","African Region",1992,52088559,"52.09 mil.",421.3534653,48.091,"Low Income",8,2026.33094997423,53.8397788461538,0.893224322808218,3,FALSE,FALSE
"Equatorial Guinea","EQU","African Region",1992,387838,"0.39 mil.",1132.055034,47.545,"Low Income",17,5382.355659153,53.8397788461538,0.883083122162499,50,FALSE,FALSE
"Nigeria","NIG","African Region",1992,93364244,"93.36 mil.",1619.848217,47.472,"Low Income",7,7689.7434557424,53.8397788461538,0.881727247350892,1,FALSE,FALSE
"Niger","NIG","African Region",1992,8392818,"8.39 mil.",581.182725,47.391,"Low Income",5,2754.2830520475,53.8397788461538,0.880222783518834,23,FALSE,FALSE
"Zambia","ZAM","African Region",1992,8381163,"8.38 mil.",1210.884633,46.1,"Low Income",6,5582.17815813,53.8397788461538,0.8562442303437,24,FALSE,FALSE
"Congo, Dem. Rep.","CON","African Region",1992,41672143,"41.67 mil.",457.7191807,45.548,"Low Income",16,2084.81932425236,53.8397788461538,0.845991587932643,4,FALSE,FALSE
"Burundi","BUR","African Region",1992,5809236,"5.81 mil.",631.6998778,44.736,"Low Income",7,2825.97257332608,53.8397788461538,0.830909802356958,30,FALSE,FALSE
"Mozambique","MOZ","African Region",1992,13160731,"13.16 mil.",410.8968239,44.284,"Low Income",10,1819.61549495876,53.8397788461538,0.822514522701527,13,FALSE,FALSE
"Guinea-Bissau","GUI","African Region",1992,1050938,"1.05 mil.",745.5398706,43.266,"Low Income",13,3225.65280413796,53.8397788461538,0.803606569849252,44,FALSE,FALSE
"Liberia","LIB","African Region",1992,1912974,"1.91 mil.",636.6229191,40.802,"Low Income",7,2597.54883451182,53.8397788461538,0.757841151550621,39,FALSE,FALSE
"Angola","ANG","African Region",1992,8735988,"8.74 mil.",2627.845685,40.647,"Low Income",6,10681.4043558195,53.8397788461538,0.7549622392794,20,FALSE,FALSE
"Somalia","SOM","African Region",1992,6099799,"6.1 mil.",926.9602964,39.658,"Low Income",7,3676.13914346312,53.8397788461538,0.736592921626257,29,FALSE,FALSE
"Sierra Leone","SIE","African Region",1992,4260884,"4.26 mil.",1068.696278,38.333,"Low Income",12,4096.6334424574,53.8397788461538,0.711982865114209,33,FALSE,FALSE
"Rwanda","RWA","African Region",1992,7290203,"7.29 mil.",737.0685949,23.599,"Low Income",6,1739.40817710451,53.8397788461538,0.438319036700238,26,FALSE,FALSE
"Reunion","REU","African Region",1997,684810,"0.68 mil.",6071.941411,74.772,"Middle Income",7,45401.1203183292,53.8397788461538,1.38878727963686,48,FALSE,FALSE
"Tunisia","TUN","African Region",1997,9231669,"9.23 mil.",4876.798614,71.973,"Low Income",7,35099.7826645422,53.8397788461538,1.33679969610688,25,FALSE,FALSE
"Libya","LIB","African Region",1997,4759670,"4.76 mil.",9467.446056,71.555,"Middle Income",5,67744.310253708,53.8397788461538,1.32903591978836,32,FALSE,FALSE
"Mauritius","MAU","African Region",1997,1149818,"1.15 mil.",7425.705295,70.736,"Middle Income",9,52526.468974712,53.8397788461538,1.31382411881978,45,FALSE,FALSE
"Algeria","ALG","African Region",1997,29072015,"29.07 mil.",4797.295051,69.152,"Low Income",7,33174.2547366752,53.8397788461538,1.28440349277066,8,FALSE,FALSE
"Morocco","MOR","African Region",1997,28529501,"28.53 mil.",2982.101858,67.66,"Low Income",7,20176.901171228,53.8397788461538,1.25669164045672,9,FALSE,FALSE
"Egypt","EGY","African Region",1997,66134291,"66.13 mil.",4173.181797,67.217,"Low Income",5,28050.8760848949,53.8397788461538,1.24846352344929,2,FALSE,FALSE
"Sao Tome and Principe","SAO","African Region",1997,145608,"0.15 mil.",1339.076036,63.306,"Low Income",21,8477.1547535016,53.8397788461538,1.17582206607675,52,FALSE,FALSE
"Comoros","COM","African Region",1997,527982,"0.53 mil.",1173.618235,60.66,"Low Income",7,7119.16821351,53.8397788461538,1.12667624756288,49,FALSE,FALSE
"Gabon","GAB","African Region",1997,1126189,"1.13 mil.",14722.84188,60.461,"Middle Income",5,89015.774290668,53.8397788461538,1.12298009567918,46,FALSE,FALSE
"Mauritania","MAU","African Region",1997,2444741,"2.44 mil.",1483.136136,60.43,"Low Income",10,8962.591669848,53.8397788461538,1.12240431322494,38,FALSE,FALSE
"South Africa","SOU","African Region",1997,42835005,"42.84 mil.",7479.188244,60.236,"Middle Income",12,45051.6383065584,53.8397788461538,1.11880102947903,5,FALSE,FALSE
"Senegal","SEN","African Region",1997,9535314,"9.54 mil.",1392.368347,60.187,"Low Income",7,8380.2473700889,53.8397788461538,1.11789092172877,22,FALSE,FALSE
"Namibia","NAM","African Region",1997,1774766,"1.77 mil.",3899.52426,58.909,"Low Income",7,22971.707463234,53.8397788461538,1.09415382571187,41,FALSE,FALSE
"Ghana","GHA","African Region",1997,18418288,"18.42 mil.",1005.245812,58.556,"Low Income",5,5886.3173767472,53.8397788461538,1.0875973351845,12,FALSE,FALSE
"Togo","TOG","African Region",1997,4320890,"4.32 mil.",982.2869243,58.39,"Low Income",4,5735.5733509877,53.8397788461538,1.08451411301017,34,FALSE,FALSE
"Gambia","GAM","African Region",1997,1235767,"1.24 mil.",653.7301704,55.861,"Low Income",6,3651.80210487144,53.8397788461538,1.03754140892038,43,FALSE,FALSE
"Lesotho","LES","African Region",1997,1982823,"1.98 mil.",1186.147994,55.558,"Low Income",7,6590.0010250652,53.8397788461538,1.03191359977083,40,FALSE,FALSE
"Sudan","SUD","African Region",1997,32160729,"32.16 mil.",1632.210764,55.373,"Low Income",5,9038.0406634972,53.8397788461538,1.02847747867292,6,FALSE,FALSE
"Madagascar","MAD","African Region",1997,14165114,"14.17 mil.",986.2958956,54.978,"Low Income",10,5422.45757482968,53.8397788461538,1.0211408957882,16,FALSE,FALSE
"Benin","BEN","African Region",1997,6066080,"6.07 mil.",1232.975292,54.777,"Low Income",5,6753.8687569884,53.8397788461538,1.01740759664939,31,FALSE,FALSE
"Kenya","KEN","African Region",1997,28263827,"28.26 mil.",1360.485021,54.407,"Low Income",5,7401.9908537547,53.8397788461538,1.01053535445357,10,FALSE,FALSE
"Swaziland","SWA","African Region",1997,1054486,"1.05 mil.",3876.76846,54.289,"Low Income",9,21046.588292494,53.8397788461538,1.00834366640193,47,FALSE,FALSE
"Eritrea","ERI","African Region",1997,4058319,"4.06 mil.",913.47079,53.378,"Low Income",7,4875.924382862,53.8397788461538,0.991423091698178,35,FALSE,FALSE
"Djibouti","DJI","African Region",1997,417908,"0.42 mil.",1895.016984,53.157,"Low Income",8,10073.3417818488,53.8397788461538,0.987318320008244,51,FALSE,FALSE
"Congo, Rep.","CON","African Region",1997,2800947,"2.8 mil.",3484.164376,52.962,"Low Income",11,18452.8313681712,53.8397788461538,0.983696462634773,37,FALSE,FALSE
"Botswana","BOT","African Region",1997,1536536,"1.54 mil.",8647.142313,52.556,"Middle Income",8,45445.9211402028,53.8397788461538,0.97615556984693,42,FALSE,FALSE
"Cameroon","CAM","African Region",1997,14195809,"14.2 mil.",1694.337469,52.199,"Low Income",8,8844.2721544331,53.8397788461538,0.969524784809344,15,FALSE,FALSE
"Chad","CHA","African Region",1997,7562011,"7.56 mil.",1004.961353,51.573,"Low Income",4,5182.8871858269,53.8397788461538,0.957897693959124,27,FALSE,FALSE
"Guinea","GUI","African Region",1997,8048834,"8.05 mil.",869.4497668,51.455,"Low Income",6,4473.7537750694,53.8397788461538,0.955706005907485,26,FALSE,FALSE
"Niger","NIG","African Region",1997,9666252,"9.67 mil.",580.3052092,51.313,"Low Income",5,2977.72011996796,53.8397788461538,0.953068550794496,21,FALSE,FALSE
"Burkina Faso","BUR","African Region",1997,10352843,"10.35 mil.",946.2949618,50.324,"Low Income",12,4762.13476576232,53.8397788461538,0.934699233141352,19,FALSE,FALSE
"Mali","MAL","African Region",1997,9384984,"9.38 mil.",790.2579846,49.903,"Low Income",4,3943.62442054938,53.8397788461538,0.926879735940166,24,FALSE,FALSE
"Ethiopia","ETH","African Region",1997,59861301,"59.86 mil.",515.8894013,49.402,"Low Income",8,2548.59682030226,53.8397788461538,0.917574348534478,3,FALSE,FALSE
"Tanzania","TAN","African Region",1997,30686889,"30.69 mil.",789.1862231,48.466,"Low Income",8,3824.86994887646,53.8397788461538,0.900189433141817,7,FALSE,FALSE
"Equatorial Guinea","EQU","African Region",1997,439971,"0.44 mil.",2814.480755,48.245,"Low Income",17,13578.4624024975,53.8397788461538,0.896084661451882,50,FALSE,FALSE
"Cote d'Ivoire","COT","African Region",1997,14625967,"14.63 mil.",1786.265407,47.991,"Low Income",13,8572.4663147337,53.8397788461538,0.891366960052592,14,FALSE,FALSE
"Malawi","MAL","African Region",1997,10419991,"10.42 mil.",692.2758103,47.495,"Low Income",6,3287.96396101985,53.8397788461538,0.882154440784686,18,FALSE,FALSE
"Nigeria","NIG","African Region",1997,106207839,"106.21 mil.",1624.941275,47.464,"Low Income",7,7712.62126766,53.8397788461538,0.881578658330442,1,FALSE,TRUE
"Zimbabwe","ZIM","African Region",1997,11404948,"11.4 mil.",792.4499603,46.809,"Low Income",8,3709.37901916827,53.8397788461538,0.86941293228109,17,FALSE,FALSE
"Mozambique","MOZ","African Region",1997,16603334,"16.6 mil.",472.3460771,46.344,"Low Income",10,2189.04065971224,53.8397788461538,0.860776195467428,13,FALSE,FALSE
"Central African Republic","CEN","African Region",1997,3696513,"3.7 mil.",740.5063317,46.066,"Low Income",24,3411.21646760922,53.8397788461538,0.855612727006787,36,FALSE,FALSE
"Burundi","BUR","African Region",1997,6121610,"6.12 mil.",463.1151478,45.326,"Low Income",7,2099.11571891828,53.8397788461538,0.841868242615152,30,FALSE,FALSE
"Guinea-Bissau","GUI","African Region",1997,1193708,"1.19 mil.",796.6644681,44.873,"Low Income",13,3574.87246770513,53.8397788461538,0.833454389332166,44,FALSE,FALSE
"Uganda","UGA","African Region",1997,21210254,"21.21 mil.",816.559081,44.578,"Low Income",6,3640.0570712818,53.8397788461538,0.827975169203068,11,FALSE,FALSE
"Somalia","SOM","African Region",1997,6633514,"6.63 mil.",930.5964284,43.795,"Low Income",7,4075.5470581778,53.8397788461538,0.813432018826515,29,FALSE,FALSE
"Congo, Dem. Rep.","CON","African Region",1997,47798986,"47.8 mil.",312.188423,42.587,"Low Income",16,1329.5168370301,53.8397788461538,0.79099507673855,4,FALSE,FALSE
"Liberia","LIB","African Region",1997,2200725,"2.2 mil.",609.1739508,42.221,"Low Income",7,2571.99333767268,53.8397788461538,0.784197129052957,39,FALSE,FALSE
"Angola","ANG","African Region",1997,9875024,"9.88 mil.",2277.140884,40.963,"Low Income",6,9327.8522031292,53.8397788461538,0.760831505587179,20,FALSE,FALSE
"Zambia","ZAM","African Region",1997,9417789,"9.42 mil.",1071.353818,40.238,"Low Income",6,4310.9134928684,53.8397788461538,0.747365625608889,23,FALSE,FALSE
"Sierra Leone","SIE","African Region",1997,4578212,"4.58 mil.",574.6481576,39.897,"Low Income",12,2292.67375437672,53.8397788461538,0.741032018612203,33,FALSE,FALSE
"Rwanda","RWA","African Region",1997,7212583,"7.21 mil.",589.9445051,36.087,"Low Income",6,2128.93273555437,53.8397788461538,0.670266497622844,28,FALSE,FALSE
"Reunion","REU","African Region",2002,743981,"0.74 mil.",6316.1652,75.744,"Middle Income",7,47841.16169088,53.8397788461538,1.40684084562154,48,FALSE,FALSE
"Tunisia","TUN","African Region",2002,9770575,"9.77 mil.",5722.895655,73.042,"Middle Income",7,41801.174443251,53.8397788461538,1.35665490396452,25,FALSE,FALSE
"Libya","LIB","African Region",2002,5368585,"5.37 mil.",9534.677467,72.737,"Middle Income",5,69352.3834917179,53.8397788461538,1.35098994755986,32,FALSE,FALSE
"Mauritius","MAU","African Region",2002,1200206,"1.2 mil.",9021.815894,71.954,"Middle Income",9,64915.5740836876,53.8397788461538,1.33644679718331,46,FALSE,FALSE
"Algeria","ALG","African Region",2002,31287142,"31.29 mil.",5288.040382,70.994,"Middle Income",7,37541.9138879708,53.8397788461538,1.3186161147293,9,FALSE,FALSE
"Egypt","EGY","African Region",2002,73312559,"73.31 mil.",4754.604414,69.806,"Low Income",5,33189.9915723684,53.8397788461538,1.29655064519246,2,FALSE,FALSE
"Morocco","MOR","African Region",2002,31167783,"31.17 mil.",3258.495584,69.615,"Low Income",7,22684.017008016,53.8397788461538,1.29300308232921,10,FALSE,FALSE
"Sao Tome and Principe","SAO","African Region",2002,170372,"0.17 mil.",1353.09239,64.337,"Low Income",21,8705.390509543,53.8397788461538,1.19497147608726,52,FALSE,FALSE
"Comoros","COM","African Region",2002,614382,"0.61 mil.",1075.811558,62.974,"Low Income",7,6774.8157053492,53.8397788461538,1.16965562172807,49,FALSE,FALSE
"Mauritania","MAU","African Region",2002,2828858,"2.83 mil.",1579.019543,62.247,"Low Income",10,9828.9229493121,53.8397788461538,1.15615259449467,38,FALSE,FALSE
"Senegal","SEN","African Region",2002,10870037,"10.87 mil.",1519.635262,61.6,"Low Income",7,9360.95321392,53.8397788461538,1.14413545746577,21,FALSE,FALSE
"Ghana","GHA","African Region",2002,20550751,"20.55 mil.",1111.984578,58.453,"Low Income",5,6499.8834537834,53.8397788461538,1.08568425154621,12,FALSE,FALSE
"Gambia","GAM","African Region",2002,1457766,"1.46 mil.",660.5855997,58.041,"Low Income",6,3834.10487921877,53.8397788461538,1.07803191699303,43,FALSE,FALSE
"Togo","TOG","African Region",2002,4977378,"4.98 mil.",886.2205765,57.561,"Low Income",4,5101.17426039165,53.8397788461538,1.06911657576602,34,FALSE,FALSE
"Madagascar","MAD","African Region",2002,16473477,"16.47 mil.",894.6370822,57.286,"Low Income",10,5125.01798909092,53.8397788461538,1.06400882818805,14,FALSE,FALSE
"Gabon","GAB","African Region",2002,1299304,"1.3 mil.",12521.71392,56.761,"Middle Income",5,71074.500381312,53.8397788461538,1.05425767372101,45,FALSE,FALSE
"Sudan","SUD","African Region",2002,37090298,"37.09 mil.",1993.398314,56.369,"Low Income",5,11236.5869561866,53.8397788461538,1.04697681171896,6,FALSE,FALSE
"Eritrea","ERI","African Region",2002,4414865,"4.41 mil.",765.3500015,55.24,"Low Income",7,4227.793408286,53.8397788461538,1.02600718620794,35,FALSE,FALSE
"Niger","NIG","African Region",2002,11140655,"11.14 mil.",601.0745012,54.496,"Low Income",5,3275.61560173952,53.8397788461538,1.01218840730608,20,FALSE,FALSE
"Benin","BEN","African Region",2002,7026113,"7.03 mil.",1372.877931,54.406,"Low Income",5,7469.2796713986,53.8397788461538,1.01051678082602,30,FALSE,FALSE
"Guinea","GUI","African Region",2002,8807818,"8.81 mil.",945.5835837,53.676,"Low Income",6,5075.51444386812,53.8397788461538,0.996958032709944,27,FALSE,FALSE
"Djibouti","DJI","African Region",2002,447416,"0.45 mil.",1908.260867,53.373,"Low Income",8,10184.9607254391,53.8397788461538,0.991330223560396,51,FALSE,FALSE
"South Africa","SOU","African Region",2002,44433622,"44.43 mil.",7710.946444,53.365,"Middle Income",12,41149.465698406,53.8397788461538,0.991181634539946,5,FALSE,FALSE
"Congo, Rep.","CON","African Region",2002,3328795,"3.33 mil.",3484.06197,52.97,"Low Income",11,18455.07625509,53.8397788461538,0.983845051655223,37,FALSE,FALSE
"Mali","MAL","African Region",2002,10580176,"10.58 mil.",951.4097518,51.818,"Low Income",4,4930.01505187724,53.8397788461538,0.962448232710408,24,FALSE,FALSE
"Namibia","NAM","African Region",2002,1972153,"1.97 mil.",4072.324751,51.479,"Low Income",7,20963.9205856729,53.8397788461538,0.956151772968835,41,FALSE,FALSE
"Kenya","KEN","African Region",2002,31386842,"31.39 mil.",1287.514732,50.992,"Low Income",5,6565.2951214144,53.8397788461538,0.947106416348936,8,FALSE,FALSE
"Ethiopia","ETH","African Region",2002,67946797,"67.95 mil.",530.0535319,50.725,"Low Income",8,2688.69654056275,53.8397788461538,0.942147257791414,3,FALSE,FALSE
"Burkina Faso","BUR","African Region",2002,12251209,"12.25 mil.",1037.645221,50.65,"Low Income",12,5255.673044365,53.8397788461538,0.940754235724694,17,FALSE,FALSE
"Chad","CHA","African Region",2002,8835739,"8.84 mil.",1156.18186,50.525,"Low Income",4,5841.60884765,53.8397788461538,0.938432532280161,26,FALSE,FALSE
"Cameroon","CAM","African Region",2002,15929988,"15.93 mil.",1934.011449,49.856,"Low Income",8,9642.2074801344,53.8397788461538,0.926006775445021,16,FALSE,FALSE
"Tanzania","TAN","African Region",2002,34593779,"34.59 mil.",899.0742111,49.651,"Low Income",8,4463.99336553261,53.8397788461538,0.922199181795988,7,FALSE,FALSE
"Equatorial Guinea","EQU","African Region",2002,495627,"0.5 mil.",7703.4959,49.348,"Middle Income",17,38015.21156732,53.8397788461538,0.91657137264644,50,FALSE,FALSE
"Uganda","UGA","African Region",2002,24739869,"24.74 mil.",927.7210018,47.813,"Low Income",6,4435.71242590634,53.8397788461538,0.888060854347577,11,FALSE,FALSE
"Burundi","BUR","African Region",2002,7021078,"7.02 mil.",446.4035126,47.36,"Low Income",7,2114.1670356736,53.8397788461538,0.87964700106459,31,FALSE,FALSE
"Cote d'Ivoire","COT","African Region",2002,16252726,"16.25 mil.",1648.800823,46.832,"Low Income",13,7721.6640142736,53.8397788461538,0.869840125714884,15,FALSE,FALSE
"Botswana","BOT","African Region",2002,1630347,"1.63 mil.",11003.60508,46.634,"Middle Income",8,51314.211930072,53.8397788461538,0.866162547458744,42,FALSE,FALSE
"Nigeria","NIG","African Region",2002,119901274,"119.9 mil.",1615.286395,46.608,"Low Income",7,7528.526829816,53.8397788461538,0.865679633142281,1,FALSE,TRUE
"Somalia","SOM","African Region",2002,7753310,"7.75 mil.",882.0818218,45.936,"Low Income",7,4051.93105662048,53.8397788461538,0.853198155424473,29,FALSE,FALSE
"Guinea-Bissau","GUI","African Region",2002,1332459,"1.33 mil.",575.7047176,45.504,"Low Income",13,2619.68674696704,53.8397788461538,0.845174348320167,44,FALSE,FALSE
"Malawi","MAL","African Region",2002,11824495,"11.82 mil.",665.4231186,45.009,"Low Income",6,2995.00291450674,53.8397788461538,0.835980402679817,19,FALSE,FALSE
"Congo, Dem. Rep.","CON","African Region",2002,55379852,"55.38 mil.",241.1658765,44.966,"Low Income",16,1084.4264802699,53.8397788461538,0.835181736694898,4,FALSE,FALSE
"Lesotho","LES","African Region",2002,2046772,"2.05 mil.",1275.184575,44.593,"Low Income",7,5686.4305752975,53.8397788461538,0.828253773616412,40,FALSE,FALSE
"Mozambique","MOZ","African Region",2002,18473780,"18.47 mil.",633.6179466,44.026,"Low Income",10,2789.56637170116,53.8397788461538,0.817722526792011,13,FALSE,FALSE
"Swaziland","SWA","African Region",2002,1130269,"1.13 mil.",4128.116943,43.869,"Low Income",9,18109.6362172467,53.8397788461538,0.814806467265678,47,FALSE,FALSE
"Liberia","LIB","African Region",2002,2814651,"2.81 mil.",531.4823679,43.753,"Low Income",7,2325.39480427287,53.8397788461538,0.812651926469152,39,FALSE,FALSE
"Rwanda","RWA","African Region",2002,7852401,"7.85 mil.",785.6537648,43.413,"Low Income",6,3410.75868912624,53.8397788461538,0.806336893100022,28,FALSE,FALSE
"Central African Republic","CEN","African Region",2002,4048013,"4.05 mil.",738.6906068,43.308,"Low Income",24,3199.12127992944,53.8397788461538,0.804386662206615,36,FALSE,FALSE
"Sierra Leone","SIE","African Region",2002,5359092,"5.36 mil.",699.489713,41.012,"Low Income",12,2868.7472109556,53.8397788461538,0.761741613337436,33,FALSE,FALSE
"Angola","ANG","African Region",2002,10866106,"10.87 mil.",2773.287312,41.003,"Low Income",6,11371.3099653936,53.8397788461538,0.76157445068943,22,FALSE,FALSE
"Zimbabwe","ZIM","African Region",2002,11926563,"11.93 mil.",672.0386227,39.989,"Low Income",8,2687.41524831503,53.8397788461538,0.74274079234738,18,FALSE,FALSE
"Zambia","ZAM","African Region",2002,10595811,"10.6 mil.",1071.613938,39.193,"Low Income",6,4199.9765072034,53.8397788461538,0.727956184812595,23,FALSE,FALSE
"Reunion","REU","African Region",2007,798094,"0.8 mil.",7670.122558,76.442,"Middle Income",7,58631.9508578636,53.8397788461538,1.41980523765582,48,FALSE,FALSE
"Libya","LIB","African Region",2007,6036914,"6.04 mil.",12057.49928,73.952,"Middle Income",5,89167.618675456,53.8397788461538,1.37355690504072,33,FALSE,FALSE
"Tunisia","TUN","African Region",2007,10276158,"10.28 mil.",7092.923025,73.923,"Middle Income",7,52433.0148777075,53.8397788461538,1.37301826984159,25,FALSE,FALSE
"Mauritius","MAU","African Region",2007,1250882,"1.25 mil.",10956.99112,72.801,"Middle Income",9,79767.991052712,53.8397788461538,1.35217865972346,46,FALSE,FALSE
"Algeria","ALG","African Region",2007,33333216,"33.33 mil.",6223.367465,72.301,"Middle Income",7,44995.5691086965,53.8397788461538,1.34289184594533,10,FALSE,FALSE
"Egypt","EGY","African Region",2007,80264543,"80.26 mil.",5581.180998,71.338,"Middle Income",5,39815.0290035324,53.8397788461538,1.32500544260865,2,FALSE,FALSE
"Morocco","MOR","African Region",2007,33757175,"33.76 mil.",3820.17523,71.164,"Low Income",7,27185.895006772,53.8397788461538,1.32177363141386,9,FALSE,FALSE
"Sao Tome and Principe","SAO","African Region",2007,199579,"0.2 mil.",1598.435089,65.528,"Low Income",21,10474.2254511992,53.8397788461538,1.21709266650677,52,FALSE,FALSE
"Comoros","COM","African Region",2007,710960,"0.71 mil.",986.1478792,65.152,"Low Income",7,6424.95066256384,53.8397788461538,1.21010898254561,49,FALSE,FALSE
"Mauritania","MAU","African Region",2007,3270065,"3.27 mil.",1803.151496,64.164,"Low Income",10,11569.7412589344,53.8397788461538,1.19175823852002,38,FALSE,FALSE
"Senegal","SEN","African Region",2007,12267493,"12.27 mil.",1712.472136,63.062,"Low Income",7,10799.1917840432,53.8397788461538,1.17129010095302,22,FALSE,FALSE
"Ghana","GHA","African Region",2007,22873338,"22.87 mil.",1327.60891,60.022,"Low Income",5,7968.574199602,53.8397788461538,1.11482627318199,12,FALSE,FALSE
"Gambia","GAM","African Region",2007,1688359,"1.69 mil.",752.7497265,59.448,"Low Income",6,4474.9465740972,53.8397788461538,1.10416501096469,42,FALSE,FALSE
"Madagascar","MAD","African Region",2007,19167654,"19.17 mil.",1044.770126,59.443,"Low Income",10,6210.4270599818,53.8397788461538,1.10407214282691,14,FALSE,FALSE
"Sudan","SUD","African Region",2007,42292929,"42.29 mil.",2602.394995,58.556,"Low Income",5,15238.584132722,53.8397788461538,1.0875973351845,6,FALSE,FALSE
"Togo","TOG","African Region",2007,5701579,"5.7 mil.",882.9699438,58.42,"Low Income",4,5158.3104116796,53.8397788461538,1.08507132183685,34,FALSE,FALSE
"Eritrea","ERI","African Region",2007,4906585,"4.91 mil.",641.3695236,58.04,"Low Income",7,3722.5087149744,53.8397788461538,1.07801334336547,35,FALSE,FALSE
"Niger","NIG","African Region",2007,12894865,"12.89 mil.",619.6768924,56.867,"Low Income",5,3523.91658401108,53.8397788461538,1.05622647824198,19,FALSE,FALSE
"Gabon","GAB","African Region",2007,1454867,"1.45 mil.",13206.48452,56.735,"Middle Income",5,74926.98992422,53.8397788461538,1.05377475940455,45,FALSE,FALSE
"Benin","BEN","African Region",2007,8078314,"8.08 mil.",1441.284873,56.728,"Low Income",5,8176.1208275544,53.8397788461538,1.05364474401166,31,FALSE,FALSE
"Guinea","GUI","African Region",2007,9947814,"9.95 mil.",942.6542111,56.007,"Low Income",6,5279.52344010777,53.8397788461538,1.04025315854359,27,FALSE,FALSE
"Congo, Rep.","CON","African Region",2007,3800610,"3.8 mil.",3632.557798,55.322,"Low Income",11,20096.0362500956,53.8397788461538,1.02753022366755,37,FALSE,FALSE
"Djibouti","DJI","African Region",2007,496374,"0.5 mil.",2082.481567,54.791,"Low Income",8,11410.1247537497,53.8397788461538,1.01766762743518,51,FALSE,FALSE
"Mali","MAL","African Region",2007,12031795,"12.03 mil.",1042.581557,54.467,"Low Income",4,5678.6289665119,53.8397788461538,1.01164977210695,23,FALSE,FALSE
"Kenya","KEN","African Region",2007,35610177,"35.61 mil.",1463.249282,54.11,"Low Income",5,7917.641864902,53.8397788461538,1.00501898706936,8,FALSE,FALSE
"Ethiopia","ETH","African Region",2007,76511887,"76.51 mil.",690.8055759,52.947,"Low Income",8,3657.60828271773,53.8397788461538,0.983417858221429,3,FALSE,FALSE
"Namibia","NAM","African Region",2007,2055080,"2.06 mil.",4811.060429,52.906,"Low Income",7,25453.3963056674,53.8397788461538,0.982656339491622,40,FALSE,FALSE
"Tanzania","TAN","African Region",2007,38139640,"38.14 mil.",1107.482182,52.517,"Low Income",8,5816.1641752094,53.8397788461538,0.975431198372236,7,FALSE,FALSE
"Burkina Faso","BUR","African Region",2007,14326203,"14.33 mil.",1217.032994,52.295,"Low Income",12,6364.474042123,53.8397788461538,0.971307853054746,17,FALSE,FALSE
"Equatorial Guinea","EQU","African Region",2007,551201,"0.55 mil.",12154.08975,51.579,"Middle Income",17,62689.579521525,53.8397788461538,0.958009135724462,50,FALSE,FALSE
"Uganda","UGA","African Region",2007,29170398,"29.17 mil.",1056.380121,51.542,"Low Income",6,5444.7944196582,53.8397788461538,0.95732191150488,11,FALSE,FALSE
"Botswana","BOT","African Region",2007,1639131,"1.64 mil.",12569.85177,50.728,"Middle Income",8,63764.344058856,53.8397788461538,0.942202978674082,43,FALSE,FALSE
"Chad","CHA","African Region",2007,10238807,"10.24 mil.",1704.063724,50.651,"Low Income",4,8631.2531684324,53.8397788461538,0.94077280935225,26,FALSE,FALSE
"Cameroon","CAM","African Region",2007,17696293,"17.7 mil.",2042.09524,50.43,"Low Income",8,10298.28629532,53.8397788461538,0.936668037662316,16,FALSE,FALSE
"Burundi","BUR","African Region",2007,8390505,"8.39 mil.",430.0706916,49.58,"Low Income",7,2132.2904889528,53.8397788461538,0.920880454239493,30,FALSE,FALSE
"South Africa","SOU","African Region",2007,43997828,"44 mil.",9269.657808,49.339,"Middle Income",12,45735.5646588912,53.8397788461538,0.916404209998434,5,FALSE,FALSE
"Cote d'Ivoire","COT","African Region",2007,18013409,"18.01 mil.",1544.750112,48.328,"Low Income",13,7465.4683412736,53.8397788461538,0.897626272539052,15,FALSE,FALSE
"Malawi","MAL","African Region",2007,13327079,"13.33 mil.",759.3499101,48.303,"Low Income",6,3667.88787075603,53.8397788461538,0.897161931850146,18,FALSE,FALSE
"Somalia","SOM","African Region",2007,9118773,"9.12 mil.",926.1410683,48.159,"Low Income",7,4460.20277082597,53.8397788461538,0.894487329482044,28,FALSE,FALSE
"Nigeria","NIG","African Region",2007,135031164,"135.03 mil.",2013.977305,46.859,"Low Income",7,9437.2962534995,53.8397788461538,0.870341613658903,1,FALSE,TRUE
"Congo, Dem. Rep.","CON","African Region",2007,64606759,"64.61 mil.",277.5518587,46.462,"Low Income",16,1289.56144589194,53.8397788461538,0.862967883519067,4,FALSE,FALSE
"Guinea-Bissau","GUI","African Region",2007,1472041,"1.47 mil.",579.231743,46.388,"Low Income",13,2686.9402094284,53.8397788461538,0.861593435079903,44,FALSE,FALSE
"Rwanda","RWA","African Region",2007,8860588,"8.86 mil.",863.0884639,46.242,"Low Income",6,3991.09367476638,53.8397788461538,0.858881685456689,29,FALSE,FALSE
"Liberia","LIB","African Region",2007,3193942,"3.19 mil.",414.5073415,45.678,"Low Income",7,1893.3866345037,53.8397788461538,0.848406159514957,39,FALSE,FALSE
"Central African Republic","CEN","African Region",2007,4369038,"4.37 mil.",706.016537,44.741,"Low Income",24,3158.7885881917,53.8397788461538,0.831002670494739,36,FALSE,FALSE
"Zimbabwe","ZIM","African Region",2007,12311143,"12.31 mil.",469.7092981,43.487,"Low Income",8,2042.62482464747,53.8397788461538,0.807711341539186,21,FALSE,FALSE
"Angola","ANG","African Region",2007,12420476,"12.42 mil.",4797.231267,42.731,"Low Income",6,20499.0489270177,53.8397788461538,0.793669679106651,20,FALSE,FALSE
"Lesotho","LES","African Region",2007,2012649,"2.01 mil.",1569.331442,42.592,"Low Income",7,6684.0964777664,53.8397788461538,0.791087944876331,41,FALSE,FALSE
"Sierra Leone","SIE","African Region",2007,6144562,"6.14 mil.",862.5407561,42.568,"Low Income",12,3671.66349056648,53.8397788461538,0.79064217781498,32,FALSE,FALSE
"Zambia","ZAM","African Region",2007,11746035,"11.75 mil.",1271.211593,42.384,"Low Income",6,5387.9032157712,53.8397788461538,0.787224630344628,24,FALSE,FALSE
"Mozambique","MOZ","African Region",2007,19951656,"19.95 mil.",823.6856205,42.082,"Low Income",10,3466.2338281881,53.8397788461538,0.781615394822637,13,FALSE,FALSE
"Swaziland","SWA","African Region",2007,1133066,"1.13 mil.",4513.480643,39.613,"Low Income",9,17879.2508711159,53.8397788461538,0.735757108386225,47,FALSE,FALSE
"Canada","CAN","Americas Region",1992,28523502,"28.52 mil.",26342.88426,77.95,"High Income",6,205342.7828067,71.68725,1.08736211808934,6,TRUE,FALSE
"United States","UNI","Americas Region",1992,256894189,"256.89 mil.",32003.93224,76.09,"High Income",13,243517.92041416,71.68725,1.06141608166027,1,TRUE,TRUE
"Costa Rica","COS","Americas Region",1992,3173216,"3.17 mil.",6160.416317,75.713,"Middle Income",10,46642.3600609021,71.68725,1.0561571269647,21,FALSE,FALSE
"Cuba","CUB","Americas Region",1992,10723260,"10.72 mil.",5592.843963,74.414,"Middle Income",4,41618.5890662682,71.68725,1.0380367499102,11,FALSE,FALSE
"Chile","CHI","Americas Region",1992,13572994,"13.57 mil.",7596.125964,74.126,"Middle Income",5,56307.0433207464,71.68725,1.03401929910828,9,FALSE,FALSE
"Puerto Rico","PUE","Americas Region",1992,3585176,"3.59 mil.",14641.58711,73.911,"Middle Income",11,108217.434488721,71.68725,1.03102016048879,20,FALSE,FALSE
"Uruguay","URU","Americas Region",1992,3149262,"3.15 mil.",8137.004775,72.752,"Middle Income",7,59198.33713908,71.68725,1.01485271090745,22,FALSE,FALSE
"Panama","PAN","Americas Region",1992,2484997,"2.48 mil.",6618.74305,72.462,"Middle Income",6,47960.73588891,71.68725,1.01080736114163,23,FALSE,FALSE
"Argentina","ARG","Americas Region",1992,33958947,"33.96 mil.",9308.41871,71.868,"Middle Income",9,66897.743585028,71.68725,1.00252136886266,5,FALSE,FALSE
"Jamaica","JAM","Americas Region",1992,2378618,"2.38 mil.",7404.923685,71.766,"Middle Income",7,53142.175317771,71.68725,1.00109852170365,24,FALSE,FALSE
"Mexico","MEX","Americas Region",1992,88111030,"88.11 mil.",9472.384295,71.455,"Middle Income",6,67684.9219799225,71.68725,0.996760232816854,3,FALSE,FALSE
"Venezuela","VEN","Americas Region",1992,20265563,"20.27 mil.",10733.92631,71.15,"Middle Income",9,76371.88569565,71.68725,0.992505640821764,8,FALSE,FALSE
"Trinidad and Tobago","TRI","Americas Region",1992,1183669,"1.18 mil.",7370.990932,69.862,"Middle Income",19,51495.2168491384,71.68725,0.974538708068729,25,FALSE,FALSE
"Ecuador","ECU","Americas Region",1992,10748394,"10.75 mil.",7103.702595,69.613,"Middle Income",7,49451.0048745735,71.68725,0.971065287062902,10,FALSE,FALSE
"Dominican Republic","DOM","Americas Region",1992,7351181,"7.35 mil.",3044.214214,68.457,"Low Income",18,20839.7772447798,71.68725,0.954939685927414,13,FALSE,FALSE
"Colombia","COL","Americas Region",1992,34202721,"34.2 mil.",5444.648617,68.421,"Middle Income",8,37252.8303023757,71.68725,0.954437504577174,4,FALSE,FALSE
"Paraguay","PAR","Americas Region",1992,4483945,"4.48 mil.",4196.411078,68.225,"Low Income",8,28630.014579655,71.68725,0.951703406114755,18,FALSE,FALSE
"Brazil","BRA","Americas Region",1992,155975974,"155.98 mil.",6950.283021,67.057,"Middle Income",6,46606.5128539197,71.68725,0.935410411195854,2,FALSE,TRUE
"El Salvador","ELS","Americas Region",1992,5274649,"5.27 mil.",4444.2317,66.798,"Low Income",11,29686.57890966,71.68725,0.931797495370516,16,FALSE,FALSE
"Peru","PER","Americas Region",1992,22430449,"22.43 mil.",4446.380924,66.458,"Low Income",4,29549.7583447192,71.68725,0.927054671507137,7,FALSE,FALSE
"Honduras","HON","Americas Region",1992,5077347,"5.08 mil.",3081.694603,66.399,"Low Income",8,20462.1439944597,71.68725,0.926231652072021,17,FALSE,FALSE
"Nicaragua","NIC","Americas Region",1992,4017939,"4.02 mil.",2170.151724,65.843,"Low Income",9,14288.9299963332,71.68725,0.918475740107202,19,FALSE,FALSE
"Guatemala","GUA","Americas Region",1992,8486949,"8.49 mil.",4439.45084,63.373,"Low Income",9,28134.131808332,71.68725,0.88402051968795,12,FALSE,FALSE
"Bolivia","BOL","Americas Region",1992,6893451,"6.89 mil.",2961.699694,59.957,"Low Income",7,17757.4628553158,71.68725,0.836369089342945,14,FALSE,FALSE
"Haiti","HAI","Americas Region",1992,6326682,"6.33 mil.",1456.309517,55.089,"Low Income",5,8022.6634982013,71.68725,0.768463011204921,15,FALSE,FALSE
"Canada","CAN","Americas Region",1997,30305843,"30.31 mil.",28954.92589,78.61,"High Income",6,227614.67242129,71.68725,1.09656877617707,6,TRUE,FALSE
"Costa Rica","COS","Americas Region",1997,3518107,"3.52 mil.",6677.045314,77.26,"Middle Income",10,51586.852095964,71.68725,1.07773697554307,21,FALSE,FALSE
"United States","UNI","Americas Region",1997,272911760,"272.91 mil.",35767.43303,76.81,"High Income",13,274729.65310343,71.68725,1.07145970866507,1,TRUE,TRUE
"Cuba","CUB","Americas Region",1997,10983007,"10.98 mil.",5431.990415,76.151,"Middle Income",4,41365.1502092665,71.68725,1.06226700005929,11,FALSE,FALSE
"Chile","CHI","Americas Region",1997,14599929,"14.6 mil.",10118.05318,75.816,"Middle Income",5,76711.031989488,71.68725,1.05759392360566,9,FALSE,FALSE
"Puerto Rico","PUE","Americas Region",1997,3759430,"3.76 mil.",16999.4333,74.917,"Middle Income",11,127354.65445361,71.68725,1.04505333933161,20,FALSE,FALSE
"Uruguay","URU","Americas Region",1997,3262838,"3.26 mil.",9230.240708,74.223,"Middle Income",7,68509.6156069884,71.68725,1.03537239885754,22,FALSE,FALSE
"Panama","PAN","Americas Region",1997,2734531,"2.73 mil.",7113.692252,73.738,"Middle Income",6,52454.9439277976,71.68725,1.02860690011125,23,FALSE,FALSE
"Mexico","MEX","Americas Region",1997,95895146,"95.9 mil.",9767.29753,73.67,"Middle Income",6,71955.68090351,71.68725,1.02765833533857,3,FALSE,FALSE
"Argentina","ARG","Americas Region",1997,36203463,"36.2 mil.",10967.28195,73.275,"Middle Income",9,80362.758488625,71.68725,1.02214828996788,5,FALSE,FALSE
"Ecuador","ECU","Americas Region",1997,11911819,"11.91 mil.",7429.455877,72.312,"Middle Income",7,53723.8813377624,71.68725,1.00871493884896,10,FALSE,FALSE
"Jamaica","JAM","Americas Region",1997,2531311,"2.53 mil.",7121.924704,72.262,"Middle Income",7,51464.4522960448,71.68725,1.0080174647514,24,FALSE,FALSE
"Venezuela","VEN","Americas Region",1997,22374398,"22.37 mil.",10165.49518,72.146,"Middle Income",9,73339.981525628,71.68725,1.00639932484507,8,FALSE,FALSE
"Colombia","COL","Americas Region",1997,37657830,"37.66 mil.",6117.361746,70.313,"Middle Income",8,43013.0056446498,71.68725,0.980829924428681,4,FALSE,FALSE
"Dominican Republic","DOM","Americas Region",1997,7992357,"7.99 mil.",3614.101285,69.957,"Low Income",18,25283.1683594745,71.68725,0.975863908854085,13,FALSE,FALSE
"El Salvador","ELS","Americas Region",1997,5783439,"5.78 mil.",5154.825496,69.535,"Middle Income",11,35844.079086436,71.68725,0.969977227470715,17,FALSE,FALSE
"Trinidad and Tobago","TRI","Americas Region",1997,1138101,"1.14 mil.",8792.573126,69.465,"Middle Income",19,61077.609219759,71.68725,0.969000763734137,25,FALSE,FALSE
"Paraguay","PAR","Americas Region",1997,5154123,"5.15 mil.",4247.400261,69.4,"Low Income",8,29476.95781134,71.68725,0.968094047407314,18,FALSE,FALSE
"Brazil","BRA","Americas Region",1997,168546719,"168.55 mil.",7957.980824,69.388,"Middle Income",6,55218.8373415712,71.68725,0.967926653623901,2,FALSE,TRUE
"Nicaragua","NIC","Americas Region",1997,4609572,"4.61 mil.",2253.023004,68.426,"Low Income",9,15416.5352071704,71.68725,0.954507251986929,19,FALSE,FALSE
"Peru","PER","Americas Region",1997,24748122,"24.75 mil.",5838.347657,68.386,"Middle Income",4,39926.1242871602,71.68725,0.953949272708885,7,FALSE,FALSE
"Honduras","HON","Americas Region",1997,5867957,"5.87 mil.",3160.454906,67.659,"Low Income",8,21383.3218485054,71.68725,0.943807999330425,16,FALSE,FALSE
"Guatemala","GUA","Americas Region",1997,9803875,"9.8 mil.",4684.313807,66.322,"Low Income",9,31067.3060307854,71.68725,0.925157541961785,12,FALSE,FALSE
"Bolivia","BOL","Americas Region",1997,7693188,"7.69 mil.",3326.143191,62.05,"Low Income",7,20638.718500155,71.68725,0.865565355066626,14,FALSE,FALSE
"Haiti","HAI","Americas Region",1997,6913545,"6.91 mil.",1341.726931,56.671,"Low Income",5,7603.7006906701,71.68725,0.790531091651584,15,FALSE,FALSE
"Canada","CAN","Americas Region",2002,31902268,"31.9 mil.",33328.96507,79.77,"High Income",6,265865.15436339,71.68725,1.11275017524037,6,TRUE,FALSE
"Costa Rica","COS","Americas Region",2002,3834934,"3.83 mil.",7723.447195,78.123,"Middle Income",10,60337.8865214985,71.68725,1.08977537846688,21,FALSE,FALSE
"Chile","CHI","Americas Region",2002,15497046,"15.5 mil.",10778.78385,77.86,"Middle Income",5,83923.6110561,71.68725,1.08610666471374,9,FALSE,FALSE
"Puerto Rico","PUE","Americas Region",2002,3859606,"3.86 mil.",18855.60618,77.778,"Middle Income",11,146655.133746804,71.68725,1.08496280719375,20,FALSE,FALSE
"United States","UNI","Americas Region",2002,287675526,"287.68 mil.",39097.09955,77.31,"High Income",13,302259.67662105,71.68725,1.07843444964063,1,TRUE,TRUE
"Cuba","CUB","Americas Region",2002,11226999,"11.23 mil.",6340.646683,77.158,"Middle Income",4,48923.1616766914,71.68725,1.07631412838406,11,FALSE,FALSE
"Uruguay","URU","Americas Region",2002,3363085,"3.36 mil.",7727.002004,75.307,"Middle Income",7,58189.7339915228,71.68725,1.05049363729255,22,FALSE,FALSE
"Mexico","MEX","Americas Region",2002,102479927,"102.48 mil.",10742.44053,74.902,"Middle Income",6,80463.028057806,71.68725,1.04484409710234,3,FALSE,TRUE
"Panama","PAN","Americas Region",2002,2990875,"2.99 mil.",7356.031934,74.712,"Middle Income",6,54958.3857853008,71.68725,1.04219369553163,23,FALSE,FALSE
"Argentina","ARG","Americas Region",2002,38331121,"38.33 mil.",8797.640716,74.34,"Middle Income",9,65401.661082744,71.68725,1.03700448824582,5,FALSE,FALSE
"Ecuador","ECU","Americas Region",2002,12921234,"12.92 mil.",5773.044512,74.173,"Middle Income",7,42820.4030588576,71.68725,1.03467492475998,10,FALSE,FALSE
"Venezuela","VEN","Americas Region",2002,24287670,"24.29 mil.",8605.047831,72.766,"Middle Income",9,62615.4910470546,71.68725,1.01504800365476,8,FALSE,FALSE
"Jamaica","JAM","Americas Region",2002,2664659,"2.66 mil.",6994.774861,72.047,"Middle Income",7,50395.2544410467,71.68725,1.00501832613191,24,FALSE,FALSE
"Colombia","COL","Americas Region",2002,41008227,"41.01 mil.",5755.259962,71.682,"Middle Income",8,41254.8544596084,71.68725,0.999926765219757,4,FALSE,FALSE
"Brazil","BRA","Americas Region",2002,179914212,"179.91 mil.",8131.212843,71.006,"Middle Income",6,57736.4899130058,71.68725,0.990496915420804,2,FALSE,TRUE
"Dominican Republic","DOM","Americas Region",2002,8650322,"8.65 mil.",4563.808154,70.847,"Low Income",18,32333.2116286438,71.68725,0.988278947790576,13,FALSE,FALSE
"Nicaragua","NIC","Americas Region",2002,5146848,"5.15 mil.",2474.548819,70.836,"Low Income",9,17528.7140142684,71.68725,0.988125503489114,19,FALSE,FALSE
"Paraguay","PAR","Americas Region",2002,5884491,"5.88 mil.",3783.674243,70.755,"Low Income",8,26771.3871063465,71.68725,0.986995595451074,18,FALSE,FALSE
"El Salvador","ELS","Americas Region",2002,6353681,"6.35 mil.",5351.568666,70.734,"Middle Income",11,37853.7858020844,71.68725,0.9867026563301,17,FALSE,FALSE
"Peru","PER","Americas Region",2002,26769436,"26.77 mil.",5909.020073,69.906,"Middle Income",4,41307.5957223138,71.68725,0.975152485274578,7,FALSE,FALSE
"Guatemala","GUA","Americas Region",2002,11178650,"11.18 mil.",4858.347495,68.978,"Low Income",9,33511.909351011,71.68725,0.962207366023944,12,FALSE,FALSE
"Trinidad and Tobago","TRI","Americas Region",2002,1101832,"1.1 mil.",11460.60023,68.976,"Middle Income",19,79050.636146448,71.68725,0.962179467060042,25,FALSE,FALSE
"Honduras","HON","Americas Region",2002,6677328,"6.68 mil.",3099.72866,68.565,"Low Income",8,21253.28955729,71.68725,0.956446229978134,16,FALSE,FALSE
"Bolivia","BOL","Americas Region",2002,8445134,"8.45 mil.",3413.26269,63.883,"Low Income",7,21804.946042527,71.68725,0.891134755483018,14,FALSE,FALSE
"Haiti","HAI","Americas Region",2002,7607651,"7.61 mil.",1270.364932,58.137,"Low Income",5,7385.5206051684,71.68725,0.810981032191917,15,FALSE,FALSE
"Canada","CAN","Americas Region",2007,33390141,"33.39 mil.",36319.23501,80.653,"High Income",6,292925.526126153,71.68725,1.1250675678032,6,TRUE,FALSE
"Costa Rica","COS","Americas Region",2007,4133884,"4.13 mil.",9645.06142,78.782,"Middle Income",10,75985.722879044,71.68725,1.09896808707267,20,FALSE,FALSE
"Puerto Rico","PUE","Americas Region",2007,3942491,"3.94 mil.",19328.70901,78.746,"Middle Income",11,152205.851970146,71.68725,1.09846590572243,21,FALSE,FALSE
"Chile","CHI","Americas Region",2007,16284741,"16.28 mil.",13171.63885,78.553,"Middle Income",5,103467.174658405,71.68725,1.09577365570586,9,FALSE,FALSE
"Cuba","CUB","Americas Region",2007,11416987,"11.42 mil.",8948.102923,78.273,"Middle Income",4,70039.4860091979,71.68725,1.09186780075955,12,FALSE,FALSE
"United States","UNI","Americas Region",2007,301139947,"301.14 mil.",42951.65309,78.242,"High Income",13,336062.324106778,71.68725,1.09143536681906,1,TRUE,TRUE
"Uruguay","URU","Americas Region",2007,3447496,"3.45 mil.",10611.46299,76.384,"Middle Income",7,81054.598902816,71.68725,1.06551722935389,22,FALSE,FALSE
"Mexico","MEX","Americas Region",2007,108700891,"108.7 mil.",11977.57496,76.195,"Middle Income",6,91263.13240772,71.68725,1.06288077726513,3,FALSE,TRUE
"Panama","PAN","Americas Region",2007,3242173,"3.24 mil.",9809.185636,75.537,"Middle Income",6,74095.6455386532,71.68725,1.0537020181413,23,FALSE,FALSE
"Argentina","ARG","Americas Region",2007,40301927,"40.3 mil.",12779.37964,75.32,"Middle Income",9,96254.28744848,71.68725,1.05067498055791,5,FALSE,FALSE
"Ecuador","ECU","Americas Region",2007,13755680,"13.76 mil.",6873.262326,74.994,"Middle Income",7,51545.3434876044,71.68725,1.04612744944185,10,FALSE,FALSE
"Venezuela","VEN","Americas Region",2007,26084662,"26.08 mil.",11415.80569,73.747,"Middle Income",9,84188.142222043,71.68725,1.02873244544881,8,FALSE,FALSE
"Nicaragua","NIC","Americas Region",2007,5675356,"5.68 mil.",2749.320965,72.899,"Low Income",9,20042.2749027535,71.68725,1.01690328475426,19,FALSE,FALSE
"Colombia","COL","Americas Region",2007,44227550,"44.23 mil.",7006.580419,72.889,"Middle Income",8,51070.2640160491,71.68725,1.01676378993475,4,FALSE,FALSE
"Jamaica","JAM","Americas Region",2007,2780132,"2.78 mil.",7320.880262,72.567,"Middle Income",7,53125.4317972554,71.68725,1.01227205674649,24,FALSE,FALSE
"Brazil","BRA","Americas Region",2007,190010647,"190.01 mil.",9065.800825,72.39,"Middle Income",6,65627.332172175,71.68725,1.00980299844115,2,FALSE,TRUE
"Dominican Republic","DOM","Americas Region",2007,9319622,"9.32 mil.",6025.374752,72.235,"Middle Income",18,43524.294521072,71.68725,1.00764082873872,13,FALSE,FALSE
"El Salvador","ELS","Americas Region",2007,6939688,"6.94 mil.",5728.353514,71.878,"Middle Income",11,41174.2593879292,71.68725,1.00266086368217,17,FALSE,FALSE
"Paraguay","PAR","Americas Region",2007,6667147,"6.67 mil.",4172.838464,71.752,"Low Income",8,29940.9505468928,71.68725,1.00090322895633,18,FALSE,FALSE
"Peru","PER","Americas Region",2007,28674757,"28.67 mil.",7408.905561,71.421,"Middle Income",4,52915.1444072181,71.68725,0.996285950430516,7,FALSE,FALSE
"Guatemala","GUA","Americas Region",2007,12572928,"12.57 mil.",5186.050003,70.259,"Middle Income",9,36436.6687160777,71.68725,0.980076652403321,11,FALSE,FALSE
"Honduras","HON","Americas Region",2007,7483763,"7.48 mil.",3548.330846,70.198,"Low Income",8,24908.5728727508,71.68725,0.979225734004303,16,FALSE,FALSE
"Trinidad and Tobago","TRI","Americas Region",2007,1056608,"1.06 mil.",18008.50924,69.819,"Middle Income",19,125733.610662756,71.68725,0.973938880344831,25,FALSE,FALSE
"Bolivia","BOL","Americas Region",2007,9119152,"9.12 mil.",3822.137084,65.554,"Low Income",7,25055.6374404536,71.68725,0.91444433982333,14,FALSE,FALSE
"Haiti","HAI","Americas Region",2007,8502814,"8.5 mil.",1201.637154,60.916,"Low Income",5,7319.8928873064,71.68725,0.849746642534063,15,FALSE,FALSE
"Australia","AUS","Oceania Region",1992,17481977,"17.48 mil.",23424.76683,77.56,"High Income",9,181682.49153348,78.898625,0.98303360800014,1,TRUE,FALSE
"New Zealand","NEW","Oceania Region",1992,3437674,"3.44 mil.",18363.32494,76.33,"Middle Income",11,140167.25926702,78.898625,0.967443982705656,2,FALSE,FALSE
"Australia","AUS","Oceania Region",1997,18565243,"18.57 mil.",26997.93657,78.83,"High Income",9,212824.73398131,78.898625,0.999130212978997,1,TRUE,FALSE
"New Zealand","NEW","Oceania Region",1997,3676187,"3.68 mil.",21050.41377,77.55,"High Income",11,163245.95878635,78.898625,0.982906863079046,2,TRUE,FALSE
"Australia","AUS","Oceania Region",2002,19546792,"19.55 mil.",30687.75473,80.37,"High Income",9,246637.48476501,78.898625,1.01864893082738,1,TRUE,FALSE
"New Zealand","NEW","Oceania Region",2002,3908037,"3.91 mil.",23189.80135,79.11,"High Income",11,183454.51847985,78.898625,1.00267907076961,2,TRUE,FALSE
"Australia","AUS","Oceania Region",2007,20434176,"20.43 mil.",34435.36744,81.235,"High Income",9,279735.70739884,78.898625,1.02961236650195,1,TRUE,FALSE
"New Zealand","NEW","Oceania Region",2007,4115771,"4.12 mil.",25185.00911,80.204,"High Income",11,201993.847065844,78.898625,1.01654496513723,2,TRUE,FALSE
